2025-05-18 21:00:58,160 - py.warnings - WARNING - e:\face\src\face_swap_ui_enhanced.py:34: DeprecationWarning: sipPyTypeDict() is deprecated, the extension module should use sipPyTypeDictRef() instead
  class VideoProcessingThread(QThread):

2025-05-18 21:00:58,161 - py.warnings - WARNING - e:\face\src\face_swap_ui_enhanced.py:93: DeprecationWarning: sipPyTypeDict() is deprecated, the extension module should use sipPyTypeDictRef() instead
  class CircularProgressBar(QWidget):

2025-05-18 21:00:58,161 - py.warnings - WARNING - e:\face\src\face_swap_ui_enhanced.py:130: DeprecationWarning: sipPyTypeDict() is deprecated, the extension module should use sipPyTypeDictRef() instead
  class GlowingButton(QPushButton):

2025-05-18 21:00:58,162 - py.warnings - WARNING - e:\face\src\face_swap_ui_enhanced.py:154: DeprecationWarning: sipPyTypeDict() is deprecated, the extension module should use sipPyTypeDictRef() instead
  class EnhancedFaceSwapUI(QMainWindow):

2025-05-18 21:00:58,182 - qdarkstyle - INFO - QSS file successfully loaded.
2025-05-18 21:00:58,182 - qdarkstyle - INFO - Found version patches to be applied.
2025-05-18 21:00:58,182 - qdarkstyle - INFO - Found application patches to be applied.
2025-05-18 21:00:58,210 - face_swap - INFO - 成功加载级联分类器
2025-05-18 21:00:59,072 - face_swap - INFO - 成功加载特征点预测模型
2025-05-18 21:01:01,272 - face_swap - INFO - 成功加载InsightFace模型: e:\face\models\inswapper_128.onnx
2025-05-18 21:01:19,446 - face_swap - INFO - 状态: 正在处理视频...
2025-05-18 21:01:19,473 - face_swap - INFO - 视频信息: 1080x1920, 20.035618878005344fps, 191帧
2025-05-18 21:01:19,474 - face_swap - INFO - 输出文件: e:\face\output_videos\MV_20250411_190055_face_swap_1747573279.mp4
2025-05-18 21:01:19,474 - face_swap - INFO - 状态: 正在处理视频: 1080x1920, 20.035618878005344fps, 191帧
2025-05-18 21:01:19,474 - face_swap - INFO - 使用InsightFace，限制工作线程数为: 2
2025-05-18 21:01:19,474 - face_swap - INFO - 进度: 0.0% 准备处理
2025-05-18 21:01:19,513 - face_swap - INFO - 进度: 0.5% 处理帧 1/191
2025-05-18 21:01:19,519 - face_swap - INFO - 进度: 1.0% 处理帧 2/191
2025-05-18 21:01:19,527 - face_swap - INFO - 进度: 1.6% 处理帧 3/191
2025-05-18 21:01:19,535 - face_swap - INFO - 进度: 2.1% 处理帧 4/191
2025-05-18 21:01:19,544 - face_swap - INFO - 进度: 2.6% 处理帧 5/191
2025-05-18 21:01:19,561 - face_swap - INFO - 进度: 3.1% 处理帧 6/191
2025-05-18 21:01:19,571 - face_swap - INFO - 进度: 3.7% 处理帧 7/191
2025-05-18 21:01:21,881 - face_swap - ERROR - 颜色平衡调整出错: OpenCV(4.11.0) D:\a\opencv-python\opencv-python\opencv\modules\imgproc\src\smooth.dispatch.cpp:294: error: (-215:Assertion failed) ksize.width > 0 && ksize.width % 2 == 1 && ksize.height > 0 && ksize.height % 2 == 1 in function 'cv::createGaussianKernels'

2025-05-18 21:01:21,881 - face_swap - ERROR - 颜色平衡调整出错: OpenCV(4.11.0) D:\a\opencv-python\opencv-python\opencv\modules\imgproc\src\smooth.dispatch.cpp:294: error: (-215:Assertion failed) ksize.width > 0 && ksize.width % 2 == 1 && ksize.height > 0 && ksize.height % 2 == 1 in function 'cv::createGaussianKernels'

2025-05-18 21:01:21,923 - face_swap - INFO - 进度: 4.2% 处理帧 8/191
2025-05-18 21:01:21,959 - face_swap - INFO - 进度: 4.7% 处理帧 9/191
2025-05-18 21:01:23,773 - face_swap - ERROR - 颜色平衡调整出错: OpenCV(4.11.0) D:\a\opencv-python\opencv-python\opencv\modules\imgproc\src\smooth.dispatch.cpp:294: error: (-215:Assertion failed) ksize.width > 0 && ksize.width % 2 == 1 && ksize.height > 0 && ksize.height % 2 == 1 in function 'cv::createGaussianKernels'

2025-05-18 21:01:23,783 - face_swap - INFO - 进度: 5.2% 处理帧 10/191
2025-05-18 21:01:23,935 - face_swap - ERROR - 颜色平衡调整出错: OpenCV(4.11.0) D:\a\opencv-python\opencv-python\opencv\modules\imgproc\src\smooth.dispatch.cpp:294: error: (-215:Assertion failed) ksize.width > 0 && ksize.width % 2 == 1 && ksize.height > 0 && ksize.height % 2 == 1 in function 'cv::createGaussianKernels'

2025-05-18 21:01:24,063 - face_swap - INFO - 进度: 5.8% 处理帧 11/191
2025-05-18 21:01:26,093 - face_swap - ERROR - 颜色平衡调整出错: OpenCV(4.11.0) D:\a\opencv-python\opencv-python\opencv\modules\imgproc\src\smooth.dispatch.cpp:294: error: (-215:Assertion failed) ksize.width > 0 && ksize.width % 2 == 1 && ksize.height > 0 && ksize.height % 2 == 1 in function 'cv::createGaussianKernels'

2025-05-18 21:01:26,131 - face_swap - INFO - 进度: 6.3% 处理帧 12/191
2025-05-18 21:01:26,368 - face_swap - ERROR - 颜色平衡调整出错: OpenCV(4.11.0) D:\a\opencv-python\opencv-python\opencv\modules\imgproc\src\smooth.dispatch.cpp:294: error: (-215:Assertion failed) ksize.width > 0 && ksize.width % 2 == 1 && ksize.height > 0 && ksize.height % 2 == 1 in function 'cv::createGaussianKernels'

2025-05-18 21:01:26,423 - face_swap - INFO - 进度: 6.8% 处理帧 13/191
2025-05-18 21:01:28,381 - face_swap - ERROR - 颜色平衡调整出错: OpenCV(4.11.0) D:\a\opencv-python\opencv-python\opencv\modules\imgproc\src\smooth.dispatch.cpp:294: error: (-215:Assertion failed) ksize.width > 0 && ksize.width % 2 == 1 && ksize.height > 0 && ksize.height % 2 == 1 in function 'cv::createGaussianKernels'

2025-05-18 21:01:28,424 - face_swap - INFO - 进度: 7.3% 处理帧 14/191
2025-05-18 21:01:28,842 - face_swap - ERROR - 颜色平衡调整出错: OpenCV(4.11.0) D:\a\opencv-python\opencv-python\opencv\modules\imgproc\src\smooth.dispatch.cpp:294: error: (-215:Assertion failed) ksize.width > 0 && ksize.width % 2 == 1 && ksize.height > 0 && ksize.height % 2 == 1 in function 'cv::createGaussianKernels'

2025-05-18 21:01:28,875 - face_swap - INFO - 进度: 7.9% 处理帧 15/191
2025-05-18 21:01:30,928 - face_swap - ERROR - 颜色平衡调整出错: OpenCV(4.11.0) D:\a\opencv-python\opencv-python\opencv\modules\imgproc\src\smooth.dispatch.cpp:294: error: (-215:Assertion failed) ksize.width > 0 && ksize.width % 2 == 1 && ksize.height > 0 && ksize.height % 2 == 1 in function 'cv::createGaussianKernels'

2025-05-18 21:01:30,961 - face_swap - INFO - 进度: 8.4% 处理帧 16/191
2025-05-18 21:01:31,511 - face_swap - ERROR - 颜色平衡调整出错: OpenCV(4.11.0) D:\a\opencv-python\opencv-python\opencv\modules\imgproc\src\smooth.dispatch.cpp:294: error: (-215:Assertion failed) ksize.width > 0 && ksize.width % 2 == 1 && ksize.height > 0 && ksize.height % 2 == 1 in function 'cv::createGaussianKernels'

2025-05-18 21:01:31,597 - face_swap - INFO - 进度: 8.9% 处理帧 17/191
2025-05-18 21:01:33,503 - face_swap - ERROR - 颜色平衡调整出错: OpenCV(4.11.0) D:\a\opencv-python\opencv-python\opencv\modules\imgproc\src\smooth.dispatch.cpp:294: error: (-215:Assertion failed) ksize.width > 0 && ksize.width % 2 == 1 && ksize.height > 0 && ksize.height % 2 == 1 in function 'cv::createGaussianKernels'

2025-05-18 21:01:33,621 - face_swap - INFO - 进度: 9.4% 处理帧 18/191
2025-05-18 21:01:34,493 - face_swap - ERROR - 颜色平衡调整出错: OpenCV(4.11.0) D:\a\opencv-python\opencv-python\opencv\modules\imgproc\src\smooth.dispatch.cpp:294: error: (-215:Assertion failed) ksize.width > 0 && ksize.width % 2 == 1 && ksize.height > 0 && ksize.height % 2 == 1 in function 'cv::createGaussianKernels'

2025-05-18 21:01:34,531 - face_swap - INFO - 进度: 9.9% 处理帧 19/191
2025-05-18 21:01:36,280 - face_swap - ERROR - 颜色平衡调整出错: OpenCV(4.11.0) D:\a\opencv-python\opencv-python\opencv\modules\imgproc\src\smooth.dispatch.cpp:294: error: (-215:Assertion failed) ksize.width > 0 && ksize.width % 2 == 1 && ksize.height > 0 && ksize.height % 2 == 1 in function 'cv::createGaussianKernels'

2025-05-18 21:01:36,312 - face_swap - INFO - 进度: 10.5% 处理帧 20/191
2025-05-18 21:01:37,307 - face_swap - ERROR - 颜色平衡调整出错: OpenCV(4.11.0) D:\a\opencv-python\opencv-python\opencv\modules\imgproc\src\smooth.dispatch.cpp:294: error: (-215:Assertion failed) ksize.width > 0 && ksize.width % 2 == 1 && ksize.height > 0 && ksize.height % 2 == 1 in function 'cv::createGaussianKernels'

2025-05-18 21:01:37,341 - face_swap - INFO - 进度: 11.0% 处理帧 21/191
2025-05-18 21:01:39,314 - face_swap - ERROR - 颜色平衡调整出错: OpenCV(4.11.0) D:\a\opencv-python\opencv-python\opencv\modules\imgproc\src\smooth.dispatch.cpp:294: error: (-215:Assertion failed) ksize.width > 0 && ksize.width % 2 == 1 && ksize.height > 0 && ksize.height % 2 == 1 in function 'cv::createGaussianKernels'

2025-05-18 21:01:39,353 - face_swap - INFO - 进度: 11.5% 处理帧 22/191
2025-05-18 21:01:40,411 - face_swap - ERROR - 颜色平衡调整出错: OpenCV(4.11.0) D:\a\opencv-python\opencv-python\opencv\modules\imgproc\src\smooth.dispatch.cpp:294: error: (-215:Assertion failed) ksize.width > 0 && ksize.width % 2 == 1 && ksize.height > 0 && ksize.height % 2 == 1 in function 'cv::createGaussianKernels'

2025-05-18 21:01:40,447 - face_swap - INFO - 进度: 12.0% 处理帧 23/191
2025-05-18 21:01:42,249 - face_swap - ERROR - 颜色平衡调整出错: OpenCV(4.11.0) D:\a\opencv-python\opencv-python\opencv\modules\imgproc\src\smooth.dispatch.cpp:294: error: (-215:Assertion failed) ksize.width > 0 && ksize.width % 2 == 1 && ksize.height > 0 && ksize.height % 2 == 1 in function 'cv::createGaussianKernels'

2025-05-18 21:01:42,285 - face_swap - INFO - 进度: 12.6% 处理帧 24/191
2025-05-18 21:01:43,734 - face_swap - ERROR - 颜色平衡调整出错: OpenCV(4.11.0) D:\a\opencv-python\opencv-python\opencv\modules\imgproc\src\smooth.dispatch.cpp:294: error: (-215:Assertion failed) ksize.width > 0 && ksize.width % 2 == 1 && ksize.height > 0 && ksize.height % 2 == 1 in function 'cv::createGaussianKernels'

2025-05-18 21:01:43,803 - face_swap - INFO - 进度: 13.1% 处理帧 25/191
2025-05-18 21:01:45,036 - face_swap - ERROR - 颜色平衡调整出错: OpenCV(4.11.0) D:\a\opencv-python\opencv-python\opencv\modules\imgproc\src\smooth.dispatch.cpp:294: error: (-215:Assertion failed) ksize.width > 0 && ksize.width % 2 == 1 && ksize.height > 0 && ksize.height % 2 == 1 in function 'cv::createGaussianKernels'

2025-05-18 21:01:45,072 - face_swap - INFO - 进度: 13.6% 处理帧 26/191
2025-05-18 21:01:47,004 - face_swap - ERROR - 颜色平衡调整出错: OpenCV(4.11.0) D:\a\opencv-python\opencv-python\opencv\modules\imgproc\src\smooth.dispatch.cpp:294: error: (-215:Assertion failed) ksize.width > 0 && ksize.width % 2 == 1 && ksize.height > 0 && ksize.height % 2 == 1 in function 'cv::createGaussianKernels'

2025-05-18 21:01:47,037 - face_swap - INFO - 进度: 14.1% 处理帧 27/191
2025-05-18 21:01:48,341 - face_swap - ERROR - 颜色平衡调整出错: OpenCV(4.11.0) D:\a\opencv-python\opencv-python\opencv\modules\imgproc\src\smooth.dispatch.cpp:294: error: (-215:Assertion failed) ksize.width > 0 && ksize.width % 2 == 1 && ksize.height > 0 && ksize.height % 2 == 1 in function 'cv::createGaussianKernels'

2025-05-18 21:01:48,434 - face_swap - INFO - 进度: 14.7% 处理帧 28/191
2025-05-18 21:01:50,285 - face_swap - ERROR - 颜色平衡调整出错: OpenCV(4.11.0) D:\a\opencv-python\opencv-python\opencv\modules\imgproc\src\smooth.dispatch.cpp:294: error: (-215:Assertion failed) ksize.width > 0 && ksize.width % 2 == 1 && ksize.height > 0 && ksize.height % 2 == 1 in function 'cv::createGaussianKernels'

2025-05-18 21:01:50,326 - face_swap - INFO - 进度: 15.2% 处理帧 29/191
2025-05-18 21:01:51,368 - face_swap - ERROR - 颜色平衡调整出错: OpenCV(4.11.0) D:\a\opencv-python\opencv-python\opencv\modules\imgproc\src\smooth.dispatch.cpp:294: error: (-215:Assertion failed) ksize.width > 0 && ksize.width % 2 == 1 && ksize.height > 0 && ksize.height % 2 == 1 in function 'cv::createGaussianKernels'

2025-05-18 21:01:51,406 - face_swap - INFO - 进度: 15.7% 处理帧 30/191
2025-05-18 21:01:53,331 - face_swap - ERROR - 颜色平衡调整出错: OpenCV(4.11.0) D:\a\opencv-python\opencv-python\opencv\modules\imgproc\src\smooth.dispatch.cpp:294: error: (-215:Assertion failed) ksize.width > 0 && ksize.width % 2 == 1 && ksize.height > 0 && ksize.height % 2 == 1 in function 'cv::createGaussianKernels'

2025-05-18 21:01:53,385 - face_swap - INFO - 进度: 16.2% 处理帧 31/191
2025-05-18 21:01:54,615 - face_swap - ERROR - 颜色平衡调整出错: OpenCV(4.11.0) D:\a\opencv-python\opencv-python\opencv\modules\imgproc\src\smooth.dispatch.cpp:294: error: (-215:Assertion failed) ksize.width > 0 && ksize.width % 2 == 1 && ksize.height > 0 && ksize.height % 2 == 1 in function 'cv::createGaussianKernels'

2025-05-18 21:01:54,653 - face_swap - INFO - 进度: 16.8% 处理帧 32/191
2025-05-18 21:01:56,532 - face_swap - ERROR - 颜色平衡调整出错: OpenCV(4.11.0) D:\a\opencv-python\opencv-python\opencv\modules\imgproc\src\smooth.dispatch.cpp:294: error: (-215:Assertion failed) ksize.width > 0 && ksize.width % 2 == 1 && ksize.height > 0 && ksize.height % 2 == 1 in function 'cv::createGaussianKernels'

2025-05-18 21:01:56,575 - face_swap - INFO - 进度: 17.3% 处理帧 33/191
2025-05-18 21:01:58,014 - face_swap - ERROR - 颜色平衡调整出错: OpenCV(4.11.0) D:\a\opencv-python\opencv-python\opencv\modules\imgproc\src\smooth.dispatch.cpp:294: error: (-215:Assertion failed) ksize.width > 0 && ksize.width % 2 == 1 && ksize.height > 0 && ksize.height % 2 == 1 in function 'cv::createGaussianKernels'

2025-05-18 21:01:58,055 - face_swap - INFO - 进度: 17.8% 处理帧 34/191
2025-05-18 21:01:59,726 - face_swap - ERROR - 颜色平衡调整出错: OpenCV(4.11.0) D:\a\opencv-python\opencv-python\opencv\modules\imgproc\src\smooth.dispatch.cpp:294: error: (-215:Assertion failed) ksize.width > 0 && ksize.width % 2 == 1 && ksize.height > 0 && ksize.height % 2 == 1 in function 'cv::createGaussianKernels'

2025-05-18 21:01:59,765 - face_swap - INFO - 进度: 18.3% 处理帧 35/191
2025-05-18 21:02:00,921 - face_swap - ERROR - 颜色平衡调整出错: OpenCV(4.11.0) D:\a\opencv-python\opencv-python\opencv\modules\imgproc\src\smooth.dispatch.cpp:294: error: (-215:Assertion failed) ksize.width > 0 && ksize.width % 2 == 1 && ksize.height > 0 && ksize.height % 2 == 1 in function 'cv::createGaussianKernels'

2025-05-18 21:02:00,958 - face_swap - INFO - 进度: 18.8% 处理帧 36/191
2025-05-18 21:02:02,927 - face_swap - ERROR - 颜色平衡调整出错: OpenCV(4.11.0) D:\a\opencv-python\opencv-python\opencv\modules\imgproc\src\smooth.dispatch.cpp:294: error: (-215:Assertion failed) ksize.width > 0 && ksize.width % 2 == 1 && ksize.height > 0 && ksize.height % 2 == 1 in function 'cv::createGaussianKernels'

2025-05-18 21:02:02,979 - face_swap - INFO - 进度: 19.4% 处理帧 37/191
2025-05-18 21:02:03,817 - face_swap - ERROR - 颜色平衡调整出错: OpenCV(4.11.0) D:\a\opencv-python\opencv-python\opencv\modules\imgproc\src\smooth.dispatch.cpp:294: error: (-215:Assertion failed) ksize.width > 0 && ksize.width % 2 == 1 && ksize.height > 0 && ksize.height % 2 == 1 in function 'cv::createGaussianKernels'

2025-05-18 21:02:03,852 - face_swap - INFO - 进度: 19.9% 处理帧 38/191
2025-05-18 21:02:05,625 - face_swap - ERROR - 颜色平衡调整出错: OpenCV(4.11.0) D:\a\opencv-python\opencv-python\opencv\modules\imgproc\src\smooth.dispatch.cpp:294: error: (-215:Assertion failed) ksize.width > 0 && ksize.width % 2 == 1 && ksize.height > 0 && ksize.height % 2 == 1 in function 'cv::createGaussianKernels'

2025-05-18 21:02:05,663 - face_swap - INFO - 进度: 20.4% 处理帧 39/191
2025-05-18 21:02:06,803 - face_swap - ERROR - 颜色平衡调整出错: OpenCV(4.11.0) D:\a\opencv-python\opencv-python\opencv\modules\imgproc\src\smooth.dispatch.cpp:294: error: (-215:Assertion failed) ksize.width > 0 && ksize.width % 2 == 1 && ksize.height > 0 && ksize.height % 2 == 1 in function 'cv::createGaussianKernels'

2025-05-18 21:02:06,837 - face_swap - INFO - 进度: 20.9% 处理帧 40/191
2025-05-18 21:02:08,734 - face_swap - ERROR - 颜色平衡调整出错: OpenCV(4.11.0) D:\a\opencv-python\opencv-python\opencv\modules\imgproc\src\smooth.dispatch.cpp:294: error: (-215:Assertion failed) ksize.width > 0 && ksize.width % 2 == 1 && ksize.height > 0 && ksize.height % 2 == 1 in function 'cv::createGaussianKernels'

2025-05-18 21:02:08,770 - face_swap - INFO - 进度: 21.5% 处理帧 41/191
2025-05-18 21:02:10,381 - face_swap - ERROR - 颜色平衡调整出错: OpenCV(4.11.0) D:\a\opencv-python\opencv-python\opencv\modules\imgproc\src\smooth.dispatch.cpp:294: error: (-215:Assertion failed) ksize.width > 0 && ksize.width % 2 == 1 && ksize.height > 0 && ksize.height % 2 == 1 in function 'cv::createGaussianKernels'

2025-05-18 21:02:10,422 - face_swap - INFO - 进度: 22.0% 处理帧 42/191
2025-05-18 21:02:11,489 - face_swap - ERROR - 颜色平衡调整出错: OpenCV(4.11.0) D:\a\opencv-python\opencv-python\opencv\modules\imgproc\src\smooth.dispatch.cpp:294: error: (-215:Assertion failed) ksize.width > 0 && ksize.width % 2 == 1 && ksize.height > 0 && ksize.height % 2 == 1 in function 'cv::createGaussianKernels'

2025-05-18 21:02:11,528 - face_swap - INFO - 进度: 22.5% 处理帧 43/191
2025-05-18 21:02:13,658 - face_swap - ERROR - 颜色平衡调整出错: OpenCV(4.11.0) D:\a\opencv-python\opencv-python\opencv\modules\imgproc\src\smooth.dispatch.cpp:294: error: (-215:Assertion failed) ksize.width > 0 && ksize.width % 2 == 1 && ksize.height > 0 && ksize.height % 2 == 1 in function 'cv::createGaussianKernels'

2025-05-18 21:02:13,690 - face_swap - INFO - 进度: 23.0% 处理帧 44/191
2025-05-18 21:02:14,840 - face_swap - ERROR - 颜色平衡调整出错: OpenCV(4.11.0) D:\a\opencv-python\opencv-python\opencv\modules\imgproc\src\smooth.dispatch.cpp:294: error: (-215:Assertion failed) ksize.width > 0 && ksize.width % 2 == 1 && ksize.height > 0 && ksize.height % 2 == 1 in function 'cv::createGaussianKernels'

2025-05-18 21:02:14,882 - face_swap - INFO - 进度: 23.6% 处理帧 45/191
2025-05-18 21:02:16,893 - face_swap - ERROR - 颜色平衡调整出错: OpenCV(4.11.0) D:\a\opencv-python\opencv-python\opencv\modules\imgproc\src\smooth.dispatch.cpp:294: error: (-215:Assertion failed) ksize.width > 0 && ksize.width % 2 == 1 && ksize.height > 0 && ksize.height % 2 == 1 in function 'cv::createGaussianKernels'

2025-05-18 21:02:17,015 - face_swap - INFO - 进度: 24.1% 处理帧 46/191
2025-05-18 21:02:18,483 - face_swap - ERROR - 颜色平衡调整出错: OpenCV(4.11.0) D:\a\opencv-python\opencv-python\opencv\modules\imgproc\src\smooth.dispatch.cpp:294: error: (-215:Assertion failed) ksize.width > 0 && ksize.width % 2 == 1 && ksize.height > 0 && ksize.height % 2 == 1 in function 'cv::createGaussianKernels'

2025-05-18 21:02:18,533 - face_swap - INFO - 进度: 24.6% 处理帧 47/191
2025-05-18 21:02:20,297 - face_swap - ERROR - 颜色平衡调整出错: OpenCV(4.11.0) D:\a\opencv-python\opencv-python\opencv\modules\imgproc\src\smooth.dispatch.cpp:294: error: (-215:Assertion failed) ksize.width > 0 && ksize.width % 2 == 1 && ksize.height > 0 && ksize.height % 2 == 1 in function 'cv::createGaussianKernels'

2025-05-18 21:02:20,343 - face_swap - INFO - 进度: 25.1% 处理帧 48/191
2025-05-18 21:02:22,042 - face_swap - ERROR - 颜色平衡调整出错: OpenCV(4.11.0) D:\a\opencv-python\opencv-python\opencv\modules\imgproc\src\smooth.dispatch.cpp:294: error: (-215:Assertion failed) ksize.width > 0 && ksize.width % 2 == 1 && ksize.height > 0 && ksize.height % 2 == 1 in function 'cv::createGaussianKernels'

2025-05-18 21:02:22,080 - face_swap - INFO - 进度: 25.7% 处理帧 49/191
2025-05-18 21:02:23,287 - face_swap - ERROR - 颜色平衡调整出错: OpenCV(4.11.0) D:\a\opencv-python\opencv-python\opencv\modules\imgproc\src\smooth.dispatch.cpp:294: error: (-215:Assertion failed) ksize.width > 0 && ksize.width % 2 == 1 && ksize.height > 0 && ksize.height % 2 == 1 in function 'cv::createGaussianKernels'

2025-05-18 21:02:23,323 - face_swap - INFO - 进度: 26.2% 处理帧 50/191
2025-05-18 21:02:25,300 - face_swap - ERROR - 颜色平衡调整出错: OpenCV(4.11.0) D:\a\opencv-python\opencv-python\opencv\modules\imgproc\src\smooth.dispatch.cpp:294: error: (-215:Assertion failed) ksize.width > 0 && ksize.width % 2 == 1 && ksize.height > 0 && ksize.height % 2 == 1 in function 'cv::createGaussianKernels'

2025-05-18 21:02:25,341 - face_swap - INFO - 进度: 26.7% 处理帧 51/191
2025-05-18 21:02:26,947 - face_swap - ERROR - 颜色平衡调整出错: OpenCV(4.11.0) D:\a\opencv-python\opencv-python\opencv\modules\imgproc\src\smooth.dispatch.cpp:294: error: (-215:Assertion failed) ksize.width > 0 && ksize.width % 2 == 1 && ksize.height > 0 && ksize.height % 2 == 1 in function 'cv::createGaussianKernels'

2025-05-18 21:02:26,999 - face_swap - INFO - 进度: 27.2% 处理帧 52/191
2025-05-18 21:02:28,408 - face_swap - ERROR - 颜色平衡调整出错: OpenCV(4.11.0) D:\a\opencv-python\opencv-python\opencv\modules\imgproc\src\smooth.dispatch.cpp:294: error: (-215:Assertion failed) ksize.width > 0 && ksize.width % 2 == 1 && ksize.height > 0 && ksize.height % 2 == 1 in function 'cv::createGaussianKernels'

2025-05-18 21:02:28,457 - face_swap - INFO - 进度: 27.7% 处理帧 53/191
2025-05-18 21:02:30,587 - face_swap - ERROR - 颜色平衡调整出错: OpenCV(4.11.0) D:\a\opencv-python\opencv-python\opencv\modules\imgproc\src\smooth.dispatch.cpp:294: error: (-215:Assertion failed) ksize.width > 0 && ksize.width % 2 == 1 && ksize.height > 0 && ksize.height % 2 == 1 in function 'cv::createGaussianKernels'

2025-05-18 21:02:30,634 - face_swap - INFO - 进度: 28.3% 处理帧 54/191
2025-05-18 21:02:31,848 - face_swap - ERROR - 颜色平衡调整出错: OpenCV(4.11.0) D:\a\opencv-python\opencv-python\opencv\modules\imgproc\src\smooth.dispatch.cpp:294: error: (-215:Assertion failed) ksize.width > 0 && ksize.width % 2 == 1 && ksize.height > 0 && ksize.height % 2 == 1 in function 'cv::createGaussianKernels'

2025-05-18 21:02:31,933 - face_swap - INFO - 进度: 28.8% 处理帧 55/191
2025-05-18 21:02:33,766 - face_swap - ERROR - 颜色平衡调整出错: OpenCV(4.11.0) D:\a\opencv-python\opencv-python\opencv\modules\imgproc\src\smooth.dispatch.cpp:294: error: (-215:Assertion failed) ksize.width > 0 && ksize.width % 2 == 1 && ksize.height > 0 && ksize.height % 2 == 1 in function 'cv::createGaussianKernels'

2025-05-18 21:02:33,799 - face_swap - INFO - 进度: 29.3% 处理帧 56/191
2025-05-18 21:02:35,046 - face_swap - ERROR - 颜色平衡调整出错: OpenCV(4.11.0) D:\a\opencv-python\opencv-python\opencv\modules\imgproc\src\smooth.dispatch.cpp:294: error: (-215:Assertion failed) ksize.width > 0 && ksize.width % 2 == 1 && ksize.height > 0 && ksize.height % 2 == 1 in function 'cv::createGaussianKernels'

2025-05-18 21:02:35,084 - face_swap - INFO - 进度: 29.8% 处理帧 57/191
2025-05-18 21:02:37,028 - face_swap - ERROR - 颜色平衡调整出错: OpenCV(4.11.0) D:\a\opencv-python\opencv-python\opencv\modules\imgproc\src\smooth.dispatch.cpp:294: error: (-215:Assertion failed) ksize.width > 0 && ksize.width % 2 == 1 && ksize.height > 0 && ksize.height % 2 == 1 in function 'cv::createGaussianKernels'

2025-05-18 21:02:37,099 - face_swap - INFO - 进度: 30.4% 处理帧 58/191
2025-05-18 21:02:38,183 - face_swap - ERROR - 颜色平衡调整出错: OpenCV(4.11.0) D:\a\opencv-python\opencv-python\opencv\modules\imgproc\src\smooth.dispatch.cpp:294: error: (-215:Assertion failed) ksize.width > 0 && ksize.width % 2 == 1 && ksize.height > 0 && ksize.height % 2 == 1 in function 'cv::createGaussianKernels'

2025-05-18 21:02:38,222 - face_swap - INFO - 进度: 30.9% 处理帧 59/191
2025-05-18 21:02:40,207 - face_swap - ERROR - 颜色平衡调整出错: OpenCV(4.11.0) D:\a\opencv-python\opencv-python\opencv\modules\imgproc\src\smooth.dispatch.cpp:294: error: (-215:Assertion failed) ksize.width > 0 && ksize.width % 2 == 1 && ksize.height > 0 && ksize.height % 2 == 1 in function 'cv::createGaussianKernels'

2025-05-18 21:02:40,250 - face_swap - INFO - 进度: 31.4% 处理帧 60/191
2025-05-18 21:02:41,080 - face_swap - ERROR - 颜色平衡调整出错: OpenCV(4.11.0) D:\a\opencv-python\opencv-python\opencv\modules\imgproc\src\smooth.dispatch.cpp:294: error: (-215:Assertion failed) ksize.width > 0 && ksize.width % 2 == 1 && ksize.height > 0 && ksize.height % 2 == 1 in function 'cv::createGaussianKernels'

2025-05-18 21:02:41,157 - face_swap - INFO - 进度: 31.9% 处理帧 61/191
2025-05-18 21:02:42,945 - face_swap - ERROR - 颜色平衡调整出错: OpenCV(4.11.0) D:\a\opencv-python\opencv-python\opencv\modules\imgproc\src\smooth.dispatch.cpp:294: error: (-215:Assertion failed) ksize.width > 0 && ksize.width % 2 == 1 && ksize.height > 0 && ksize.height % 2 == 1 in function 'cv::createGaussianKernels'

2025-05-18 21:02:42,996 - face_swap - INFO - 进度: 32.5% 处理帧 62/191
2025-05-18 21:02:43,876 - face_swap - ERROR - 颜色平衡调整出错: OpenCV(4.11.0) D:\a\opencv-python\opencv-python\opencv\modules\imgproc\src\smooth.dispatch.cpp:294: error: (-215:Assertion failed) ksize.width > 0 && ksize.width % 2 == 1 && ksize.height > 0 && ksize.height % 2 == 1 in function 'cv::createGaussianKernels'

2025-05-18 21:02:43,922 - face_swap - INFO - 进度: 33.0% 处理帧 63/191
2025-05-18 21:02:45,804 - face_swap - ERROR - 颜色平衡调整出错: OpenCV(4.11.0) D:\a\opencv-python\opencv-python\opencv\modules\imgproc\src\smooth.dispatch.cpp:294: error: (-215:Assertion failed) ksize.width > 0 && ksize.width % 2 == 1 && ksize.height > 0 && ksize.height % 2 == 1 in function 'cv::createGaussianKernels'

2025-05-18 21:02:45,865 - face_swap - INFO - 进度: 33.5% 处理帧 64/191
2025-05-18 21:02:47,119 - face_swap - ERROR - 颜色平衡调整出错: OpenCV(4.11.0) D:\a\opencv-python\opencv-python\opencv\modules\imgproc\src\smooth.dispatch.cpp:294: error: (-215:Assertion failed) ksize.width > 0 && ksize.width % 2 == 1 && ksize.height > 0 && ksize.height % 2 == 1 in function 'cv::createGaussianKernels'

2025-05-18 21:02:47,169 - face_swap - INFO - 进度: 34.0% 处理帧 65/191
2025-05-18 21:02:49,147 - face_swap - ERROR - 颜色平衡调整出错: OpenCV(4.11.0) D:\a\opencv-python\opencv-python\opencv\modules\imgproc\src\smooth.dispatch.cpp:294: error: (-215:Assertion failed) ksize.width > 0 && ksize.width % 2 == 1 && ksize.height > 0 && ksize.height % 2 == 1 in function 'cv::createGaussianKernels'

2025-05-18 21:02:49,195 - face_swap - INFO - 进度: 34.6% 处理帧 66/191
2025-05-18 21:02:50,095 - face_swap - ERROR - 颜色平衡调整出错: OpenCV(4.11.0) D:\a\opencv-python\opencv-python\opencv\modules\imgproc\src\smooth.dispatch.cpp:294: error: (-215:Assertion failed) ksize.width > 0 && ksize.width % 2 == 1 && ksize.height > 0 && ksize.height % 2 == 1 in function 'cv::createGaussianKernels'

2025-05-18 21:02:50,136 - face_swap - INFO - 进度: 35.1% 处理帧 67/191
2025-05-18 21:02:52,094 - face_swap - ERROR - 颜色平衡调整出错: OpenCV(4.11.0) D:\a\opencv-python\opencv-python\opencv\modules\imgproc\src\smooth.dispatch.cpp:294: error: (-215:Assertion failed) ksize.width > 0 && ksize.width % 2 == 1 && ksize.height > 0 && ksize.height % 2 == 1 in function 'cv::createGaussianKernels'

2025-05-18 21:02:52,132 - face_swap - INFO - 进度: 35.6% 处理帧 68/191
2025-05-18 21:02:53,281 - face_swap - ERROR - 颜色平衡调整出错: OpenCV(4.11.0) D:\a\opencv-python\opencv-python\opencv\modules\imgproc\src\smooth.dispatch.cpp:294: error: (-215:Assertion failed) ksize.width > 0 && ksize.width % 2 == 1 && ksize.height > 0 && ksize.height % 2 == 1 in function 'cv::createGaussianKernels'

2025-05-18 21:02:53,316 - face_swap - INFO - 进度: 36.1% 处理帧 69/191
2025-05-18 21:02:55,460 - face_swap - ERROR - 颜色平衡调整出错: OpenCV(4.11.0) D:\a\opencv-python\opencv-python\opencv\modules\imgproc\src\smooth.dispatch.cpp:294: error: (-215:Assertion failed) ksize.width > 0 && ksize.width % 2 == 1 && ksize.height > 0 && ksize.height % 2 == 1 in function 'cv::createGaussianKernels'

2025-05-18 21:02:55,498 - face_swap - INFO - 进度: 36.6% 处理帧 70/191
2025-05-18 21:02:56,718 - face_swap - ERROR - 颜色平衡调整出错: OpenCV(4.11.0) D:\a\opencv-python\opencv-python\opencv\modules\imgproc\src\smooth.dispatch.cpp:294: error: (-215:Assertion failed) ksize.width > 0 && ksize.width % 2 == 1 && ksize.height > 0 && ksize.height % 2 == 1 in function 'cv::createGaussianKernels'

2025-05-18 21:02:56,762 - face_swap - INFO - 进度: 37.2% 处理帧 71/191
2025-05-18 21:02:58,713 - face_swap - ERROR - 颜色平衡调整出错: OpenCV(4.11.0) D:\a\opencv-python\opencv-python\opencv\modules\imgproc\src\smooth.dispatch.cpp:294: error: (-215:Assertion failed) ksize.width > 0 && ksize.width % 2 == 1 && ksize.height > 0 && ksize.height % 2 == 1 in function 'cv::createGaussianKernels'

2025-05-18 21:02:58,752 - face_swap - INFO - 进度: 37.7% 处理帧 72/191
2025-05-18 21:02:59,953 - face_swap - ERROR - 颜色平衡调整出错: OpenCV(4.11.0) D:\a\opencv-python\opencv-python\opencv\modules\imgproc\src\smooth.dispatch.cpp:294: error: (-215:Assertion failed) ksize.width > 0 && ksize.width % 2 == 1 && ksize.height > 0 && ksize.height % 2 == 1 in function 'cv::createGaussianKernels'

2025-05-18 21:02:59,990 - face_swap - INFO - 进度: 38.2% 处理帧 73/191
2025-05-18 21:03:01,913 - face_swap - ERROR - 颜色平衡调整出错: OpenCV(4.11.0) D:\a\opencv-python\opencv-python\opencv\modules\imgproc\src\smooth.dispatch.cpp:294: error: (-215:Assertion failed) ksize.width > 0 && ksize.width % 2 == 1 && ksize.height > 0 && ksize.height % 2 == 1 in function 'cv::createGaussianKernels'

2025-05-18 21:03:01,956 - face_swap - INFO - 进度: 38.7% 处理帧 74/191
2025-05-18 21:03:03,202 - face_swap - ERROR - 颜色平衡调整出错: OpenCV(4.11.0) D:\a\opencv-python\opencv-python\opencv\modules\imgproc\src\smooth.dispatch.cpp:294: error: (-215:Assertion failed) ksize.width > 0 && ksize.width % 2 == 1 && ksize.height > 0 && ksize.height % 2 == 1 in function 'cv::createGaussianKernels'

2025-05-18 21:03:03,305 - face_swap - INFO - 进度: 39.3% 处理帧 75/191
2025-05-18 21:03:05,259 - face_swap - ERROR - 颜色平衡调整出错: OpenCV(4.11.0) D:\a\opencv-python\opencv-python\opencv\modules\imgproc\src\smooth.dispatch.cpp:294: error: (-215:Assertion failed) ksize.width > 0 && ksize.width % 2 == 1 && ksize.height > 0 && ksize.height % 2 == 1 in function 'cv::createGaussianKernels'

2025-05-18 21:03:05,305 - face_swap - INFO - 进度: 39.8% 处理帧 76/191
2025-05-18 21:03:06,905 - face_swap - ERROR - 颜色平衡调整出错: OpenCV(4.11.0) D:\a\opencv-python\opencv-python\opencv\modules\imgproc\src\smooth.dispatch.cpp:294: error: (-215:Assertion failed) ksize.width > 0 && ksize.width % 2 == 1 && ksize.height > 0 && ksize.height % 2 == 1 in function 'cv::createGaussianKernels'

2025-05-18 21:03:06,944 - face_swap - INFO - 进度: 40.3% 处理帧 77/191
2025-05-18 21:03:08,532 - face_swap - ERROR - 颜色平衡调整出错: OpenCV(4.11.0) D:\a\opencv-python\opencv-python\opencv\modules\imgproc\src\smooth.dispatch.cpp:294: error: (-215:Assertion failed) ksize.width > 0 && ksize.width % 2 == 1 && ksize.height > 0 && ksize.height % 2 == 1 in function 'cv::createGaussianKernels'

2025-05-18 21:03:08,603 - face_swap - INFO - 进度: 40.8% 处理帧 78/191
2025-05-18 21:03:10,468 - face_swap - ERROR - 颜色平衡调整出错: OpenCV(4.11.0) D:\a\opencv-python\opencv-python\opencv\modules\imgproc\src\smooth.dispatch.cpp:294: error: (-215:Assertion failed) ksize.width > 0 && ksize.width % 2 == 1 && ksize.height > 0 && ksize.height % 2 == 1 in function 'cv::createGaussianKernels'

2025-05-18 21:03:10,508 - face_swap - INFO - 进度: 41.4% 处理帧 79/191
2025-05-18 21:03:12,267 - face_swap - ERROR - 颜色平衡调整出错: OpenCV(4.11.0) D:\a\opencv-python\opencv-python\opencv\modules\imgproc\src\smooth.dispatch.cpp:294: error: (-215:Assertion failed) ksize.width > 0 && ksize.width % 2 == 1 && ksize.height > 0 && ksize.height % 2 == 1 in function 'cv::createGaussianKernels'

2025-05-18 21:03:12,302 - face_swap - INFO - 进度: 41.9% 处理帧 80/191
2025-05-18 21:03:13,623 - face_swap - ERROR - 颜色平衡调整出错: OpenCV(4.11.0) D:\a\opencv-python\opencv-python\opencv\modules\imgproc\src\smooth.dispatch.cpp:294: error: (-215:Assertion failed) ksize.width > 0 && ksize.width % 2 == 1 && ksize.height > 0 && ksize.height % 2 == 1 in function 'cv::createGaussianKernels'

2025-05-18 21:03:13,662 - face_swap - INFO - 进度: 42.4% 处理帧 81/191
2025-05-18 21:03:15,531 - face_swap - ERROR - 颜色平衡调整出错: OpenCV(4.11.0) D:\a\opencv-python\opencv-python\opencv\modules\imgproc\src\smooth.dispatch.cpp:294: error: (-215:Assertion failed) ksize.width > 0 && ksize.width % 2 == 1 && ksize.height > 0 && ksize.height % 2 == 1 in function 'cv::createGaussianKernels'

2025-05-18 21:03:15,580 - face_swap - INFO - 进度: 42.9% 处理帧 82/191
2025-05-18 21:03:16,779 - face_swap - ERROR - 颜色平衡调整出错: OpenCV(4.11.0) D:\a\opencv-python\opencv-python\opencv\modules\imgproc\src\smooth.dispatch.cpp:294: error: (-215:Assertion failed) ksize.width > 0 && ksize.width % 2 == 1 && ksize.height > 0 && ksize.height % 2 == 1 in function 'cv::createGaussianKernels'

2025-05-18 21:03:16,826 - face_swap - INFO - 进度: 43.5% 处理帧 83/191
2025-05-18 21:03:18,802 - face_swap - ERROR - 颜色平衡调整出错: OpenCV(4.11.0) D:\a\opencv-python\opencv-python\opencv\modules\imgproc\src\smooth.dispatch.cpp:294: error: (-215:Assertion failed) ksize.width > 0 && ksize.width % 2 == 1 && ksize.height > 0 && ksize.height % 2 == 1 in function 'cv::createGaussianKernels'

2025-05-18 21:03:18,889 - face_swap - INFO - 进度: 44.0% 处理帧 84/191
2025-05-18 21:03:20,014 - face_swap - ERROR - 颜色平衡调整出错: OpenCV(4.11.0) D:\a\opencv-python\opencv-python\opencv\modules\imgproc\src\smooth.dispatch.cpp:294: error: (-215:Assertion failed) ksize.width > 0 && ksize.width % 2 == 1 && ksize.height > 0 && ksize.height % 2 == 1 in function 'cv::createGaussianKernels'

2025-05-18 21:03:20,061 - face_swap - INFO - 进度: 44.5% 处理帧 85/191
2025-05-18 21:03:22,319 - face_swap - ERROR - 颜色平衡调整出错: OpenCV(4.11.0) D:\a\opencv-python\opencv-python\opencv\modules\imgproc\src\smooth.dispatch.cpp:294: error: (-215:Assertion failed) ksize.width > 0 && ksize.width % 2 == 1 && ksize.height > 0 && ksize.height % 2 == 1 in function 'cv::createGaussianKernels'

2025-05-18 21:03:22,365 - face_swap - INFO - 进度: 45.0% 处理帧 86/191
2025-05-18 21:03:23,223 - face_swap - ERROR - 颜色平衡调整出错: OpenCV(4.11.0) D:\a\opencv-python\opencv-python\opencv\modules\imgproc\src\smooth.dispatch.cpp:294: error: (-215:Assertion failed) ksize.width > 0 && ksize.width % 2 == 1 && ksize.height > 0 && ksize.height % 2 == 1 in function 'cv::createGaussianKernels'

2025-05-18 21:03:23,345 - face_swap - INFO - 进度: 45.5% 处理帧 87/191
2025-05-18 21:03:25,375 - face_swap - ERROR - 颜色平衡调整出错: OpenCV(4.11.0) D:\a\opencv-python\opencv-python\opencv\modules\imgproc\src\smooth.dispatch.cpp:294: error: (-215:Assertion failed) ksize.width > 0 && ksize.width % 2 == 1 && ksize.height > 0 && ksize.height % 2 == 1 in function 'cv::createGaussianKernels'

2025-05-18 21:03:25,421 - face_swap - INFO - 进度: 46.1% 处理帧 88/191
2025-05-18 21:03:26,502 - face_swap - ERROR - 颜色平衡调整出错: OpenCV(4.11.0) D:\a\opencv-python\opencv-python\opencv\modules\imgproc\src\smooth.dispatch.cpp:294: error: (-215:Assertion failed) ksize.width > 0 && ksize.width % 2 == 1 && ksize.height > 0 && ksize.height % 2 == 1 in function 'cv::createGaussianKernels'

2025-05-18 21:03:26,598 - face_swap - INFO - 进度: 46.6% 处理帧 89/191
2025-05-18 21:03:28,572 - face_swap - ERROR - 颜色平衡调整出错: OpenCV(4.11.0) D:\a\opencv-python\opencv-python\opencv\modules\imgproc\src\smooth.dispatch.cpp:294: error: (-215:Assertion failed) ksize.width > 0 && ksize.width % 2 == 1 && ksize.height > 0 && ksize.height % 2 == 1 in function 'cv::createGaussianKernels'

2025-05-18 21:03:28,614 - face_swap - INFO - 进度: 47.1% 处理帧 90/191
2025-05-18 21:03:30,250 - face_swap - ERROR - 颜色平衡调整出错: OpenCV(4.11.0) D:\a\opencv-python\opencv-python\opencv\modules\imgproc\src\smooth.dispatch.cpp:294: error: (-215:Assertion failed) ksize.width > 0 && ksize.width % 2 == 1 && ksize.height > 0 && ksize.height % 2 == 1 in function 'cv::createGaussianKernels'

2025-05-18 21:03:30,291 - face_swap - INFO - 进度: 47.6% 处理帧 91/191
2025-05-18 21:03:31,546 - face_swap - ERROR - 颜色平衡调整出错: OpenCV(4.11.0) D:\a\opencv-python\opencv-python\opencv\modules\imgproc\src\smooth.dispatch.cpp:294: error: (-215:Assertion failed) ksize.width > 0 && ksize.width % 2 == 1 && ksize.height > 0 && ksize.height % 2 == 1 in function 'cv::createGaussianKernels'

2025-05-18 21:03:31,597 - face_swap - INFO - 进度: 48.2% 处理帧 92/191
2025-05-18 21:03:33,646 - face_swap - ERROR - 颜色平衡调整出错: OpenCV(4.11.0) D:\a\opencv-python\opencv-python\opencv\modules\imgproc\src\smooth.dispatch.cpp:294: error: (-215:Assertion failed) ksize.width > 0 && ksize.width % 2 == 1 && ksize.height > 0 && ksize.height % 2 == 1 in function 'cv::createGaussianKernels'

2025-05-18 21:03:33,690 - face_swap - INFO - 进度: 48.7% 处理帧 93/191
2025-05-18 21:03:34,900 - face_swap - ERROR - 颜色平衡调整出错: OpenCV(4.11.0) D:\a\opencv-python\opencv-python\opencv\modules\imgproc\src\smooth.dispatch.cpp:294: error: (-215:Assertion failed) ksize.width > 0 && ksize.width % 2 == 1 && ksize.height > 0 && ksize.height % 2 == 1 in function 'cv::createGaussianKernels'

2025-05-18 21:03:34,953 - face_swap - INFO - 进度: 49.2% 处理帧 94/191
2025-05-18 21:03:36,909 - face_swap - ERROR - 颜色平衡调整出错: OpenCV(4.11.0) D:\a\opencv-python\opencv-python\opencv\modules\imgproc\src\smooth.dispatch.cpp:294: error: (-215:Assertion failed) ksize.width > 0 && ksize.width % 2 == 1 && ksize.height > 0 && ksize.height % 2 == 1 in function 'cv::createGaussianKernels'

2025-05-18 21:03:36,970 - face_swap - INFO - 进度: 49.7% 处理帧 95/191
2025-05-18 21:03:38,147 - face_swap - ERROR - 颜色平衡调整出错: OpenCV(4.11.0) D:\a\opencv-python\opencv-python\opencv\modules\imgproc\src\smooth.dispatch.cpp:294: error: (-215:Assertion failed) ksize.width > 0 && ksize.width % 2 == 1 && ksize.height > 0 && ksize.height % 2 == 1 in function 'cv::createGaussianKernels'

2025-05-18 21:03:38,198 - face_swap - INFO - 进度: 50.3% 处理帧 96/191
2025-05-18 21:03:38,347 - face_swap - INFO - 进度: 50.8% 处理帧 97/191
2025-05-18 21:03:38,831 - face_swap - INFO - 进度: 51.3% 处理帧 98/191
2025-05-18 21:03:39,215 - face_swap - INFO - 进度: 51.8% 处理帧 99/191
2025-05-18 21:03:39,515 - face_swap - INFO - 进度: 52.4% 处理帧 100/191
2025-05-18 21:03:39,515 - face_swap - INFO - 状态: 正在处理视频... 100/191 帧
2025-05-18 21:03:39,516 - face_swap - INFO - 处理进度: 100/191 (52.4%)
2025-05-18 21:03:39,606 - face_swap - INFO - 进度: 52.9% 处理帧 101/191
2025-05-18 21:03:39,700 - face_swap - INFO - 进度: 53.4% 处理帧 102/191
2025-05-18 21:03:39,794 - face_swap - INFO - 进度: 53.9% 处理帧 103/191
2025-05-18 21:03:39,888 - face_swap - ERROR - 颜色平衡调整出错: OpenCV(4.11.0) D:\a\opencv-python\opencv-python\opencv\modules\imgproc\src\smooth.dispatch.cpp:294: error: (-215:Assertion failed) ksize.width > 0 && ksize.width % 2 == 1 && ksize.height > 0 && ksize.height % 2 == 1 in function 'cv::createGaussianKernels'

2025-05-18 21:03:39,896 - face_swap - INFO - 进度: 54.5% 处理帧 104/191
2025-05-18 21:03:40,250 - face_swap - INFO - 进度: 55.0% 处理帧 105/191
2025-05-18 21:03:40,257 - face_swap - INFO - 进度: 55.5% 处理帧 106/191
2025-05-18 21:03:42,575 - face_swap - ERROR - 颜色平衡调整出错: OpenCV(4.11.0) D:\a\opencv-python\opencv-python\opencv\modules\imgproc\src\smooth.dispatch.cpp:294: error: (-215:Assertion failed) ksize.width > 0 && ksize.width % 2 == 1 && ksize.height > 0 && ksize.height % 2 == 1 in function 'cv::createGaussianKernels'

2025-05-18 21:03:42,610 - face_swap - INFO - 进度: 56.0% 处理帧 107/191
2025-05-18 21:03:42,987 - face_swap - ERROR - 颜色平衡调整出错: OpenCV(4.11.0) D:\a\opencv-python\opencv-python\opencv\modules\imgproc\src\smooth.dispatch.cpp:294: error: (-215:Assertion failed) ksize.width > 0 && ksize.width % 2 == 1 && ksize.height > 0 && ksize.height % 2 == 1 in function 'cv::createGaussianKernels'

2025-05-18 21:03:43,033 - face_swap - INFO - 进度: 56.5% 处理帧 108/191
2025-05-18 21:03:43,396 - face_swap - INFO - 进度: 57.1% 处理帧 109/191
2025-05-18 21:03:43,945 - face_swap - INFO - 进度: 57.6% 处理帧 110/191
2025-05-18 21:03:45,634 - face_swap - ERROR - 颜色平衡调整出错: OpenCV(4.11.0) D:\a\opencv-python\opencv-python\opencv\modules\imgproc\src\smooth.dispatch.cpp:294: error: (-215:Assertion failed) ksize.width > 0 && ksize.width % 2 == 1 && ksize.height > 0 && ksize.height % 2 == 1 in function 'cv::createGaussianKernels'

2025-05-18 21:03:45,720 - face_swap - INFO - 进度: 58.1% 处理帧 111/191
2025-05-18 21:03:47,503 - face_swap - ERROR - 颜色平衡调整出错: OpenCV(4.11.0) D:\a\opencv-python\opencv-python\opencv\modules\imgproc\src\smooth.dispatch.cpp:294: error: (-215:Assertion failed) ksize.width > 0 && ksize.width % 2 == 1 && ksize.height > 0 && ksize.height % 2 == 1 in function 'cv::createGaussianKernels'

2025-05-18 21:03:47,587 - face_swap - INFO - 进度: 58.6% 处理帧 112/191
2025-05-18 21:03:48,844 - face_swap - ERROR - 颜色平衡调整出错: OpenCV(4.11.0) D:\a\opencv-python\opencv-python\opencv\modules\imgproc\src\smooth.dispatch.cpp:294: error: (-215:Assertion failed) ksize.width > 0 && ksize.width % 2 == 1 && ksize.height > 0 && ksize.height % 2 == 1 in function 'cv::createGaussianKernels'

2025-05-18 21:03:48,888 - face_swap - INFO - 进度: 59.2% 处理帧 113/191
2025-05-18 21:03:50,919 - face_swap - ERROR - 颜色平衡调整出错: OpenCV(4.11.0) D:\a\opencv-python\opencv-python\opencv\modules\imgproc\src\smooth.dispatch.cpp:294: error: (-215:Assertion failed) ksize.width > 0 && ksize.width % 2 == 1 && ksize.height > 0 && ksize.height % 2 == 1 in function 'cv::createGaussianKernels'

2025-05-18 21:03:50,959 - face_swap - INFO - 进度: 59.7% 处理帧 114/191
2025-05-18 21:03:52,677 - face_swap - ERROR - 颜色平衡调整出错: OpenCV(4.11.0) D:\a\opencv-python\opencv-python\opencv\modules\imgproc\src\smooth.dispatch.cpp:294: error: (-215:Assertion failed) ksize.width > 0 && ksize.width % 2 == 1 && ksize.height > 0 && ksize.height % 2 == 1 in function 'cv::createGaussianKernels'

2025-05-18 21:03:52,754 - face_swap - INFO - 进度: 60.2% 处理帧 115/191
2025-05-18 21:03:54,015 - face_swap - ERROR - 颜色平衡调整出错: OpenCV(4.11.0) D:\a\opencv-python\opencv-python\opencv\modules\imgproc\src\smooth.dispatch.cpp:294: error: (-215:Assertion failed) ksize.width > 0 && ksize.width % 2 == 1 && ksize.height > 0 && ksize.height % 2 == 1 in function 'cv::createGaussianKernels'

2025-05-18 21:03:54,057 - face_swap - INFO - 进度: 60.7% 处理帧 116/191
2025-05-18 21:03:56,025 - face_swap - ERROR - 颜色平衡调整出错: OpenCV(4.11.0) D:\a\opencv-python\opencv-python\opencv\modules\imgproc\src\smooth.dispatch.cpp:294: error: (-215:Assertion failed) ksize.width > 0 && ksize.width % 2 == 1 && ksize.height > 0 && ksize.height % 2 == 1 in function 'cv::createGaussianKernels'

2025-05-18 21:03:56,071 - face_swap - INFO - 进度: 61.3% 处理帧 117/191
2025-05-18 21:03:57,556 - face_swap - ERROR - 颜色平衡调整出错: OpenCV(4.11.0) D:\a\opencv-python\opencv-python\opencv\modules\imgproc\src\smooth.dispatch.cpp:294: error: (-215:Assertion failed) ksize.width > 0 && ksize.width % 2 == 1 && ksize.height > 0 && ksize.height % 2 == 1 in function 'cv::createGaussianKernels'

2025-05-18 21:03:57,620 - face_swap - INFO - 进度: 61.8% 处理帧 118/191
2025-05-18 21:03:59,671 - face_swap - ERROR - 颜色平衡调整出错: OpenCV(4.11.0) D:\a\opencv-python\opencv-python\opencv\modules\imgproc\src\smooth.dispatch.cpp:294: error: (-215:Assertion failed) ksize.width > 0 && ksize.width % 2 == 1 && ksize.height > 0 && ksize.height % 2 == 1 in function 'cv::createGaussianKernels'

2025-05-18 21:03:59,710 - face_swap - INFO - 进度: 62.3% 处理帧 119/191
2025-05-18 21:04:00,764 - face_swap - ERROR - 颜色平衡调整出错: OpenCV(4.11.0) D:\a\opencv-python\opencv-python\opencv\modules\imgproc\src\smooth.dispatch.cpp:294: error: (-215:Assertion failed) ksize.width > 0 && ksize.width % 2 == 1 && ksize.height > 0 && ksize.height % 2 == 1 in function 'cv::createGaussianKernels'

2025-05-18 21:04:00,913 - face_swap - INFO - 进度: 62.8% 处理帧 120/191
2025-05-18 21:04:03,152 - face_swap - ERROR - 颜色平衡调整出错: OpenCV(4.11.0) D:\a\opencv-python\opencv-python\opencv\modules\imgproc\src\smooth.dispatch.cpp:294: error: (-215:Assertion failed) ksize.width > 0 && ksize.width % 2 == 1 && ksize.height > 0 && ksize.height % 2 == 1 in function 'cv::createGaussianKernels'

2025-05-18 21:04:03,192 - face_swap - INFO - 进度: 63.4% 处理帧 121/191
2025-05-18 21:04:04,250 - face_swap - ERROR - 颜色平衡调整出错: OpenCV(4.11.0) D:\a\opencv-python\opencv-python\opencv\modules\imgproc\src\smooth.dispatch.cpp:294: error: (-215:Assertion failed) ksize.width > 0 && ksize.width % 2 == 1 && ksize.height > 0 && ksize.height % 2 == 1 in function 'cv::createGaussianKernels'

2025-05-18 21:04:04,300 - face_swap - INFO - 进度: 63.9% 处理帧 122/191
2025-05-18 21:04:06,365 - face_swap - ERROR - 颜色平衡调整出错: OpenCV(4.11.0) D:\a\opencv-python\opencv-python\opencv\modules\imgproc\src\smooth.dispatch.cpp:294: error: (-215:Assertion failed) ksize.width > 0 && ksize.width % 2 == 1 && ksize.height > 0 && ksize.height % 2 == 1 in function 'cv::createGaussianKernels'

2025-05-18 21:04:06,431 - face_swap - INFO - 进度: 64.4% 处理帧 123/191
2025-05-18 21:04:07,659 - face_swap - ERROR - 颜色平衡调整出错: OpenCV(4.11.0) D:\a\opencv-python\opencv-python\opencv\modules\imgproc\src\smooth.dispatch.cpp:294: error: (-215:Assertion failed) ksize.width > 0 && ksize.width % 2 == 1 && ksize.height > 0 && ksize.height % 2 == 1 in function 'cv::createGaussianKernels'

2025-05-18 21:04:07,703 - face_swap - INFO - 进度: 64.9% 处理帧 124/191
2025-05-18 21:04:09,460 - face_swap - ERROR - 颜色平衡调整出错: OpenCV(4.11.0) D:\a\opencv-python\opencv-python\opencv\modules\imgproc\src\smooth.dispatch.cpp:294: error: (-215:Assertion failed) ksize.width > 0 && ksize.width % 2 == 1 && ksize.height > 0 && ksize.height % 2 == 1 in function 'cv::createGaussianKernels'

2025-05-18 21:04:09,506 - face_swap - INFO - 进度: 65.4% 处理帧 125/191
2025-05-18 21:04:11,263 - face_swap - ERROR - 颜色平衡调整出错: OpenCV(4.11.0) D:\a\opencv-python\opencv-python\opencv\modules\imgproc\src\smooth.dispatch.cpp:294: error: (-215:Assertion failed) ksize.width > 0 && ksize.width % 2 == 1 && ksize.height > 0 && ksize.height % 2 == 1 in function 'cv::createGaussianKernels'

2025-05-18 21:04:11,304 - face_swap - INFO - 进度: 66.0% 处理帧 126/191
2025-05-18 21:04:12,573 - face_swap - ERROR - 颜色平衡调整出错: OpenCV(4.11.0) D:\a\opencv-python\opencv-python\opencv\modules\imgproc\src\smooth.dispatch.cpp:294: error: (-215:Assertion failed) ksize.width > 0 && ksize.width % 2 == 1 && ksize.height > 0 && ksize.height % 2 == 1 in function 'cv::createGaussianKernels'

2025-05-18 21:04:12,617 - face_swap - INFO - 进度: 66.5% 处理帧 127/191
2025-05-18 21:04:14,489 - face_swap - ERROR - 颜色平衡调整出错: OpenCV(4.11.0) D:\a\opencv-python\opencv-python\opencv\modules\imgproc\src\smooth.dispatch.cpp:294: error: (-215:Assertion failed) ksize.width > 0 && ksize.width % 2 == 1 && ksize.height > 0 && ksize.height % 2 == 1 in function 'cv::createGaussianKernels'

2025-05-18 21:04:14,538 - face_swap - INFO - 进度: 67.0% 处理帧 128/191
2025-05-18 21:04:16,650 - face_swap - ERROR - 颜色平衡调整出错: OpenCV(4.11.0) D:\a\opencv-python\opencv-python\opencv\modules\imgproc\src\smooth.dispatch.cpp:294: error: (-215:Assertion failed) ksize.width > 0 && ksize.width % 2 == 1 && ksize.height > 0 && ksize.height % 2 == 1 in function 'cv::createGaussianKernels'

2025-05-18 21:04:16,697 - face_swap - INFO - 进度: 67.5% 处理帧 129/191
2025-05-18 21:04:18,463 - face_swap - ERROR - 颜色平衡调整出错: OpenCV(4.11.0) D:\a\opencv-python\opencv-python\opencv\modules\imgproc\src\smooth.dispatch.cpp:294: error: (-215:Assertion failed) ksize.width > 0 && ksize.width % 2 == 1 && ksize.height > 0 && ksize.height % 2 == 1 in function 'cv::createGaussianKernels'

2025-05-18 21:04:18,505 - face_swap - INFO - 进度: 68.1% 处理帧 130/191
2025-05-18 21:04:19,997 - face_swap - ERROR - 颜色平衡调整出错: OpenCV(4.11.0) D:\a\opencv-python\opencv-python\opencv\modules\imgproc\src\smooth.dispatch.cpp:294: error: (-215:Assertion failed) ksize.width > 0 && ksize.width % 2 == 1 && ksize.height > 0 && ksize.height % 2 == 1 in function 'cv::createGaussianKernels'

2025-05-18 21:04:20,073 - face_swap - INFO - 进度: 68.6% 处理帧 131/191
2025-05-18 21:04:21,939 - face_swap - ERROR - 颜色平衡调整出错: OpenCV(4.11.0) D:\a\opencv-python\opencv-python\opencv\modules\imgproc\src\smooth.dispatch.cpp:294: error: (-215:Assertion failed) ksize.width > 0 && ksize.width % 2 == 1 && ksize.height > 0 && ksize.height % 2 == 1 in function 'cv::createGaussianKernels'

2025-05-18 21:04:21,977 - face_swap - INFO - 进度: 69.1% 处理帧 132/191
2025-05-18 21:04:23,556 - face_swap - ERROR - 颜色平衡调整出错: OpenCV(4.11.0) D:\a\opencv-python\opencv-python\opencv\modules\imgproc\src\smooth.dispatch.cpp:294: error: (-215:Assertion failed) ksize.width > 0 && ksize.width % 2 == 1 && ksize.height > 0 && ksize.height % 2 == 1 in function 'cv::createGaussianKernels'

2025-05-18 21:04:23,596 - face_swap - INFO - 进度: 69.6% 处理帧 133/191
2025-05-18 21:04:25,413 - face_swap - ERROR - 颜色平衡调整出错: OpenCV(4.11.0) D:\a\opencv-python\opencv-python\opencv\modules\imgproc\src\smooth.dispatch.cpp:294: error: (-215:Assertion failed) ksize.width > 0 && ksize.width % 2 == 1 && ksize.height > 0 && ksize.height % 2 == 1 in function 'cv::createGaussianKernels'

2025-05-18 21:04:25,451 - face_swap - INFO - 进度: 70.2% 处理帧 134/191
2025-05-18 21:04:27,105 - face_swap - ERROR - 颜色平衡调整出错: OpenCV(4.11.0) D:\a\opencv-python\opencv-python\opencv\modules\imgproc\src\smooth.dispatch.cpp:294: error: (-215:Assertion failed) ksize.width > 0 && ksize.width % 2 == 1 && ksize.height > 0 && ksize.height % 2 == 1 in function 'cv::createGaussianKernels'

2025-05-18 21:04:27,148 - face_swap - INFO - 进度: 70.7% 处理帧 135/191
2025-05-18 21:04:28,832 - face_swap - ERROR - 颜色平衡调整出错: OpenCV(4.11.0) D:\a\opencv-python\opencv-python\opencv\modules\imgproc\src\smooth.dispatch.cpp:294: error: (-215:Assertion failed) ksize.width > 0 && ksize.width % 2 == 1 && ksize.height > 0 && ksize.height % 2 == 1 in function 'cv::createGaussianKernels'

2025-05-18 21:04:28,879 - face_swap - INFO - 进度: 71.2% 处理帧 136/191
2025-05-18 21:04:30,683 - face_swap - ERROR - 颜色平衡调整出错: OpenCV(4.11.0) D:\a\opencv-python\opencv-python\opencv\modules\imgproc\src\smooth.dispatch.cpp:294: error: (-215:Assertion failed) ksize.width > 0 && ksize.width % 2 == 1 && ksize.height > 0 && ksize.height % 2 == 1 in function 'cv::createGaussianKernels'

2025-05-18 21:04:30,775 - face_swap - INFO - 进度: 71.7% 处理帧 137/191
2025-05-18 21:04:31,941 - face_swap - ERROR - 颜色平衡调整出错: OpenCV(4.11.0) D:\a\opencv-python\opencv-python\opencv\modules\imgproc\src\smooth.dispatch.cpp:294: error: (-215:Assertion failed) ksize.width > 0 && ksize.width % 2 == 1 && ksize.height > 0 && ksize.height % 2 == 1 in function 'cv::createGaussianKernels'

2025-05-18 21:04:31,979 - face_swap - INFO - 进度: 72.3% 处理帧 138/191
2025-05-18 21:04:34,103 - face_swap - ERROR - 颜色平衡调整出错: OpenCV(4.11.0) D:\a\opencv-python\opencv-python\opencv\modules\imgproc\src\smooth.dispatch.cpp:294: error: (-215:Assertion failed) ksize.width > 0 && ksize.width % 2 == 1 && ksize.height > 0 && ksize.height % 2 == 1 in function 'cv::createGaussianKernels'

2025-05-18 21:04:34,152 - face_swap - INFO - 进度: 72.8% 处理帧 139/191
2025-05-18 21:04:34,995 - face_swap - ERROR - 颜色平衡调整出错: OpenCV(4.11.0) D:\a\opencv-python\opencv-python\opencv\modules\imgproc\src\smooth.dispatch.cpp:294: error: (-215:Assertion failed) ksize.width > 0 && ksize.width % 2 == 1 && ksize.height > 0 && ksize.height % 2 == 1 in function 'cv::createGaussianKernels'

2025-05-18 21:04:35,123 - face_swap - INFO - 进度: 73.3% 处理帧 140/191
2025-05-18 21:04:37,404 - face_swap - ERROR - 颜色平衡调整出错: OpenCV(4.11.0) D:\a\opencv-python\opencv-python\opencv\modules\imgproc\src\smooth.dispatch.cpp:294: error: (-215:Assertion failed) ksize.width > 0 && ksize.width % 2 == 1 && ksize.height > 0 && ksize.height % 2 == 1 in function 'cv::createGaussianKernels'

2025-05-18 21:04:37,454 - face_swap - INFO - 进度: 73.8% 处理帧 141/191
2025-05-18 21:04:38,392 - face_swap - ERROR - 颜色平衡调整出错: OpenCV(4.11.0) D:\a\opencv-python\opencv-python\opencv\modules\imgproc\src\smooth.dispatch.cpp:294: error: (-215:Assertion failed) ksize.width > 0 && ksize.width % 2 == 1 && ksize.height > 0 && ksize.height % 2 == 1 in function 'cv::createGaussianKernels'

2025-05-18 21:04:38,432 - face_swap - INFO - 进度: 74.3% 处理帧 142/191
2025-05-18 21:04:40,309 - face_swap - ERROR - 颜色平衡调整出错: OpenCV(4.11.0) D:\a\opencv-python\opencv-python\opencv\modules\imgproc\src\smooth.dispatch.cpp:294: error: (-215:Assertion failed) ksize.width > 0 && ksize.width % 2 == 1 && ksize.height > 0 && ksize.height % 2 == 1 in function 'cv::createGaussianKernels'

2025-05-18 21:04:40,351 - face_swap - INFO - 进度: 74.9% 处理帧 143/191
2025-05-18 21:04:41,310 - face_swap - ERROR - 颜色平衡调整出错: OpenCV(4.11.0) D:\a\opencv-python\opencv-python\opencv\modules\imgproc\src\smooth.dispatch.cpp:294: error: (-215:Assertion failed) ksize.width > 0 && ksize.width % 2 == 1 && ksize.height > 0 && ksize.height % 2 == 1 in function 'cv::createGaussianKernels'

2025-05-18 21:04:41,350 - face_swap - INFO - 进度: 75.4% 处理帧 144/191
2025-05-18 21:04:43,605 - face_swap - ERROR - 颜色平衡调整出错: OpenCV(4.11.0) D:\a\opencv-python\opencv-python\opencv\modules\imgproc\src\smooth.dispatch.cpp:294: error: (-215:Assertion failed) ksize.width > 0 && ksize.width % 2 == 1 && ksize.height > 0 && ksize.height % 2 == 1 in function 'cv::createGaussianKernels'

2025-05-18 21:04:43,647 - face_swap - INFO - 进度: 75.9% 处理帧 145/191
2025-05-18 21:04:44,852 - face_swap - ERROR - 颜色平衡调整出错: OpenCV(4.11.0) D:\a\opencv-python\opencv-python\opencv\modules\imgproc\src\smooth.dispatch.cpp:294: error: (-215:Assertion failed) ksize.width > 0 && ksize.width % 2 == 1 && ksize.height > 0 && ksize.height % 2 == 1 in function 'cv::createGaussianKernels'

2025-05-18 21:04:44,923 - face_swap - INFO - 进度: 76.4% 处理帧 146/191
2025-05-18 21:04:46,533 - face_swap - ERROR - 颜色平衡调整出错: OpenCV(4.11.0) D:\a\opencv-python\opencv-python\opencv\modules\imgproc\src\smooth.dispatch.cpp:294: error: (-215:Assertion failed) ksize.width > 0 && ksize.width % 2 == 1 && ksize.height > 0 && ksize.height % 2 == 1 in function 'cv::createGaussianKernels'

2025-05-18 21:04:46,581 - face_swap - INFO - 进度: 77.0% 处理帧 147/191
2025-05-18 21:04:48,809 - face_swap - ERROR - 颜色平衡调整出错: OpenCV(4.11.0) D:\a\opencv-python\opencv-python\opencv\modules\imgproc\src\smooth.dispatch.cpp:294: error: (-215:Assertion failed) ksize.width > 0 && ksize.width % 2 == 1 && ksize.height > 0 && ksize.height % 2 == 1 in function 'cv::createGaussianKernels'

2025-05-18 21:04:48,852 - face_swap - INFO - 进度: 77.5% 处理帧 148/191
2025-05-18 21:04:50,283 - face_swap - ERROR - 颜色平衡调整出错: OpenCV(4.11.0) D:\a\opencv-python\opencv-python\opencv\modules\imgproc\src\smooth.dispatch.cpp:294: error: (-215:Assertion failed) ksize.width > 0 && ksize.width % 2 == 1 && ksize.height > 0 && ksize.height % 2 == 1 in function 'cv::createGaussianKernels'

2025-05-18 21:04:50,323 - face_swap - INFO - 进度: 78.0% 处理帧 149/191
2025-05-18 21:04:51,886 - face_swap - ERROR - 颜色平衡调整出错: OpenCV(4.11.0) D:\a\opencv-python\opencv-python\opencv\modules\imgproc\src\smooth.dispatch.cpp:294: error: (-215:Assertion failed) ksize.width > 0 && ksize.width % 2 == 1 && ksize.height > 0 && ksize.height % 2 == 1 in function 'cv::createGaussianKernels'

2025-05-18 21:04:51,926 - face_swap - INFO - 进度: 78.5% 处理帧 150/191
2025-05-18 21:04:53,723 - face_swap - ERROR - 颜色平衡调整出错: OpenCV(4.11.0) D:\a\opencv-python\opencv-python\opencv\modules\imgproc\src\smooth.dispatch.cpp:294: error: (-215:Assertion failed) ksize.width > 0 && ksize.width % 2 == 1 && ksize.height > 0 && ksize.height % 2 == 1 in function 'cv::createGaussianKernels'

2025-05-18 21:04:53,768 - face_swap - INFO - 进度: 79.1% 处理帧 151/191
2025-05-18 21:04:55,347 - face_swap - ERROR - 颜色平衡调整出错: OpenCV(4.11.0) D:\a\opencv-python\opencv-python\opencv\modules\imgproc\src\smooth.dispatch.cpp:294: error: (-215:Assertion failed) ksize.width > 0 && ksize.width % 2 == 1 && ksize.height > 0 && ksize.height % 2 == 1 in function 'cv::createGaussianKernels'

2025-05-18 21:04:55,393 - face_swap - INFO - 进度: 79.6% 处理帧 152/191
2025-05-18 21:04:57,253 - face_swap - ERROR - 颜色平衡调整出错: OpenCV(4.11.0) D:\a\opencv-python\opencv-python\opencv\modules\imgproc\src\smooth.dispatch.cpp:294: error: (-215:Assertion failed) ksize.width > 0 && ksize.width % 2 == 1 && ksize.height > 0 && ksize.height % 2 == 1 in function 'cv::createGaussianKernels'

2025-05-18 21:04:57,299 - face_swap - INFO - 进度: 80.1% 处理帧 153/191
2025-05-18 21:04:58,904 - face_swap - ERROR - 颜色平衡调整出错: OpenCV(4.11.0) D:\a\opencv-python\opencv-python\opencv\modules\imgproc\src\smooth.dispatch.cpp:294: error: (-215:Assertion failed) ksize.width > 0 && ksize.width % 2 == 1 && ksize.height > 0 && ksize.height % 2 == 1 in function 'cv::createGaussianKernels'

2025-05-18 21:04:58,949 - face_swap - INFO - 进度: 80.6% 处理帧 154/191
2025-05-18 21:05:00,667 - face_swap - ERROR - 颜色平衡调整出错: OpenCV(4.11.0) D:\a\opencv-python\opencv-python\opencv\modules\imgproc\src\smooth.dispatch.cpp:294: error: (-215:Assertion failed) ksize.width > 0 && ksize.width % 2 == 1 && ksize.height > 0 && ksize.height % 2 == 1 in function 'cv::createGaussianKernels'

2025-05-18 21:05:00,757 - face_swap - INFO - 进度: 81.2% 处理帧 155/191
2025-05-18 21:05:02,616 - face_swap - ERROR - 颜色平衡调整出错: OpenCV(4.11.0) D:\a\opencv-python\opencv-python\opencv\modules\imgproc\src\smooth.dispatch.cpp:294: error: (-215:Assertion failed) ksize.width > 0 && ksize.width % 2 == 1 && ksize.height > 0 && ksize.height % 2 == 1 in function 'cv::createGaussianKernels'

2025-05-18 21:05:02,680 - face_swap - INFO - 进度: 81.7% 处理帧 156/191
2025-05-18 21:05:04,570 - face_swap - ERROR - 颜色平衡调整出错: OpenCV(4.11.0) D:\a\opencv-python\opencv-python\opencv\modules\imgproc\src\smooth.dispatch.cpp:294: error: (-215:Assertion failed) ksize.width > 0 && ksize.width % 2 == 1 && ksize.height > 0 && ksize.height % 2 == 1 in function 'cv::createGaussianKernels'

2025-05-18 21:05:04,612 - face_swap - INFO - 进度: 82.2% 处理帧 157/191
2025-05-18 21:05:06,331 - face_swap - ERROR - 颜色平衡调整出错: OpenCV(4.11.0) D:\a\opencv-python\opencv-python\opencv\modules\imgproc\src\smooth.dispatch.cpp:294: error: (-215:Assertion failed) ksize.width > 0 && ksize.width % 2 == 1 && ksize.height > 0 && ksize.height % 2 == 1 in function 'cv::createGaussianKernels'

2025-05-18 21:05:06,432 - face_swap - INFO - 进度: 82.7% 处理帧 158/191
2025-05-18 21:05:07,957 - face_swap - ERROR - 颜色平衡调整出错: OpenCV(4.11.0) D:\a\opencv-python\opencv-python\opencv\modules\imgproc\src\smooth.dispatch.cpp:294: error: (-215:Assertion failed) ksize.width > 0 && ksize.width % 2 == 1 && ksize.height > 0 && ksize.height % 2 == 1 in function 'cv::createGaussianKernels'

2025-05-18 21:05:08,017 - face_swap - INFO - 进度: 83.2% 处理帧 159/191
2025-05-18 21:05:09,788 - face_swap - ERROR - 颜色平衡调整出错: OpenCV(4.11.0) D:\a\opencv-python\opencv-python\opencv\modules\imgproc\src\smooth.dispatch.cpp:294: error: (-215:Assertion failed) ksize.width > 0 && ksize.width % 2 == 1 && ksize.height > 0 && ksize.height % 2 == 1 in function 'cv::createGaussianKernels'

2025-05-18 21:05:09,839 - face_swap - INFO - 进度: 83.8% 处理帧 160/191
2025-05-18 21:05:11,690 - face_swap - ERROR - 颜色平衡调整出错: OpenCV(4.11.0) D:\a\opencv-python\opencv-python\opencv\modules\imgproc\src\smooth.dispatch.cpp:294: error: (-215:Assertion failed) ksize.width > 0 && ksize.width % 2 == 1 && ksize.height > 0 && ksize.height % 2 == 1 in function 'cv::createGaussianKernels'

2025-05-18 21:05:11,730 - face_swap - INFO - 进度: 84.3% 处理帧 161/191
2025-05-18 21:05:13,622 - face_swap - ERROR - 颜色平衡调整出错: OpenCV(4.11.0) D:\a\opencv-python\opencv-python\opencv\modules\imgproc\src\smooth.dispatch.cpp:294: error: (-215:Assertion failed) ksize.width > 0 && ksize.width % 2 == 1 && ksize.height > 0 && ksize.height % 2 == 1 in function 'cv::createGaussianKernels'

2025-05-18 21:05:13,668 - face_swap - INFO - 进度: 84.8% 处理帧 162/191
2025-05-18 21:05:15,532 - face_swap - ERROR - 颜色平衡调整出错: OpenCV(4.11.0) D:\a\opencv-python\opencv-python\opencv\modules\imgproc\src\smooth.dispatch.cpp:294: error: (-215:Assertion failed) ksize.width > 0 && ksize.width % 2 == 1 && ksize.height > 0 && ksize.height % 2 == 1 in function 'cv::createGaussianKernels'

2025-05-18 21:05:15,584 - face_swap - INFO - 进度: 85.3% 处理帧 163/191
2025-05-18 21:05:17,335 - face_swap - ERROR - 颜色平衡调整出错: OpenCV(4.11.0) D:\a\opencv-python\opencv-python\opencv\modules\imgproc\src\smooth.dispatch.cpp:294: error: (-215:Assertion failed) ksize.width > 0 && ksize.width % 2 == 1 && ksize.height > 0 && ksize.height % 2 == 1 in function 'cv::createGaussianKernels'

2025-05-18 21:05:17,384 - face_swap - INFO - 进度: 85.9% 处理帧 164/191
2025-05-18 21:05:19,068 - face_swap - ERROR - 颜色平衡调整出错: OpenCV(4.11.0) D:\a\opencv-python\opencv-python\opencv\modules\imgproc\src\smooth.dispatch.cpp:294: error: (-215:Assertion failed) ksize.width > 0 && ksize.width % 2 == 1 && ksize.height > 0 && ksize.height % 2 == 1 in function 'cv::createGaussianKernels'

2025-05-18 21:05:19,114 - face_swap - INFO - 进度: 86.4% 处理帧 165/191
2025-05-18 21:05:20,344 - face_swap - ERROR - 颜色平衡调整出错: OpenCV(4.11.0) D:\a\opencv-python\opencv-python\opencv\modules\imgproc\src\smooth.dispatch.cpp:294: error: (-215:Assertion failed) ksize.width > 0 && ksize.width % 2 == 1 && ksize.height > 0 && ksize.height % 2 == 1 in function 'cv::createGaussianKernels'

2025-05-18 21:05:20,427 - face_swap - INFO - 进度: 86.9% 处理帧 166/191
2025-05-18 21:05:22,357 - face_swap - ERROR - 颜色平衡调整出错: OpenCV(4.11.0) D:\a\opencv-python\opencv-python\opencv\modules\imgproc\src\smooth.dispatch.cpp:294: error: (-215:Assertion failed) ksize.width > 0 && ksize.width % 2 == 1 && ksize.height > 0 && ksize.height % 2 == 1 in function 'cv::createGaussianKernels'

2025-05-18 21:05:22,398 - face_swap - INFO - 进度: 87.4% 处理帧 167/191
2025-05-18 21:05:23,338 - face_swap - ERROR - 颜色平衡调整出错: OpenCV(4.11.0) D:\a\opencv-python\opencv-python\opencv\modules\imgproc\src\smooth.dispatch.cpp:294: error: (-215:Assertion failed) ksize.width > 0 && ksize.width % 2 == 1 && ksize.height > 0 && ksize.height % 2 == 1 in function 'cv::createGaussianKernels'

2025-05-18 21:05:23,386 - face_swap - INFO - 进度: 88.0% 处理帧 168/191
2025-05-18 21:05:25,335 - face_swap - ERROR - 颜色平衡调整出错: OpenCV(4.11.0) D:\a\opencv-python\opencv-python\opencv\modules\imgproc\src\smooth.dispatch.cpp:294: error: (-215:Assertion failed) ksize.width > 0 && ksize.width % 2 == 1 && ksize.height > 0 && ksize.height % 2 == 1 in function 'cv::createGaussianKernels'

2025-05-18 21:05:25,389 - face_swap - INFO - 进度: 88.5% 处理帧 169/191
2025-05-18 21:05:26,491 - face_swap - ERROR - 颜色平衡调整出错: OpenCV(4.11.0) D:\a\opencv-python\opencv-python\opencv\modules\imgproc\src\smooth.dispatch.cpp:294: error: (-215:Assertion failed) ksize.width > 0 && ksize.width % 2 == 1 && ksize.height > 0 && ksize.height % 2 == 1 in function 'cv::createGaussianKernels'

2025-05-18 21:05:26,534 - face_swap - INFO - 进度: 89.0% 处理帧 170/191
2025-05-18 21:05:28,383 - face_swap - ERROR - 颜色平衡调整出错: OpenCV(4.11.0) D:\a\opencv-python\opencv-python\opencv\modules\imgproc\src\smooth.dispatch.cpp:294: error: (-215:Assertion failed) ksize.width > 0 && ksize.width % 2 == 1 && ksize.height > 0 && ksize.height % 2 == 1 in function 'cv::createGaussianKernels'

2025-05-18 21:05:28,421 - face_swap - INFO - 进度: 89.5% 处理帧 171/191
2025-05-18 21:05:30,175 - face_swap - ERROR - 颜色平衡调整出错: OpenCV(4.11.0) D:\a\opencv-python\opencv-python\opencv\modules\imgproc\src\smooth.dispatch.cpp:294: error: (-215:Assertion failed) ksize.width > 0 && ksize.width % 2 == 1 && ksize.height > 0 && ksize.height % 2 == 1 in function 'cv::createGaussianKernels'

2025-05-18 21:05:30,219 - face_swap - INFO - 进度: 90.1% 处理帧 172/191
2025-05-18 21:05:32,180 - face_swap - ERROR - 颜色平衡调整出错: OpenCV(4.11.0) D:\a\opencv-python\opencv-python\opencv\modules\imgproc\src\smooth.dispatch.cpp:294: error: (-215:Assertion failed) ksize.width > 0 && ksize.width % 2 == 1 && ksize.height > 0 && ksize.height % 2 == 1 in function 'cv::createGaussianKernels'

2025-05-18 21:05:32,251 - face_swap - INFO - 进度: 90.6% 处理帧 173/191
2025-05-18 21:05:33,247 - face_swap - ERROR - 颜色平衡调整出错: OpenCV(4.11.0) D:\a\opencv-python\opencv-python\opencv\modules\imgproc\src\smooth.dispatch.cpp:294: error: (-215:Assertion failed) ksize.width > 0 && ksize.width % 2 == 1 && ksize.height > 0 && ksize.height % 2 == 1 in function 'cv::createGaussianKernels'

2025-05-18 21:05:33,297 - face_swap - INFO - 进度: 91.1% 处理帧 174/191
2025-05-18 21:05:35,443 - face_swap - ERROR - 颜色平衡调整出错: OpenCV(4.11.0) D:\a\opencv-python\opencv-python\opencv\modules\imgproc\src\smooth.dispatch.cpp:294: error: (-215:Assertion failed) ksize.width > 0 && ksize.width % 2 == 1 && ksize.height > 0 && ksize.height % 2 == 1 in function 'cv::createGaussianKernels'

2025-05-18 21:05:35,491 - face_swap - INFO - 进度: 91.6% 处理帧 175/191
2025-05-18 21:05:36,922 - face_swap - ERROR - 颜色平衡调整出错: OpenCV(4.11.0) D:\a\opencv-python\opencv-python\opencv\modules\imgproc\src\smooth.dispatch.cpp:294: error: (-215:Assertion failed) ksize.width > 0 && ksize.width % 2 == 1 && ksize.height > 0 && ksize.height % 2 == 1 in function 'cv::createGaussianKernels'

2025-05-18 21:05:36,961 - face_swap - INFO - 进度: 92.1% 处理帧 176/191
2025-05-18 21:05:38,725 - face_swap - ERROR - 颜色平衡调整出错: OpenCV(4.11.0) D:\a\opencv-python\opencv-python\opencv\modules\imgproc\src\smooth.dispatch.cpp:294: error: (-215:Assertion failed) ksize.width > 0 && ksize.width % 2 == 1 && ksize.height > 0 && ksize.height % 2 == 1 in function 'cv::createGaussianKernels'

2025-05-18 21:05:38,772 - face_swap - INFO - 进度: 92.7% 处理帧 177/191
2025-05-18 21:05:39,872 - face_swap - ERROR - 颜色平衡调整出错: OpenCV(4.11.0) D:\a\opencv-python\opencv-python\opencv\modules\imgproc\src\smooth.dispatch.cpp:294: error: (-215:Assertion failed) ksize.width > 0 && ksize.width % 2 == 1 && ksize.height > 0 && ksize.height % 2 == 1 in function 'cv::createGaussianKernels'

2025-05-18 21:05:39,907 - face_swap - INFO - 进度: 93.2% 处理帧 178/191
2025-05-18 21:05:42,253 - face_swap - ERROR - 颜色平衡调整出错: OpenCV(4.11.0) D:\a\opencv-python\opencv-python\opencv\modules\imgproc\src\smooth.dispatch.cpp:294: error: (-215:Assertion failed) ksize.width > 0 && ksize.width % 2 == 1 && ksize.height > 0 && ksize.height % 2 == 1 in function 'cv::createGaussianKernels'

2025-05-18 21:05:42,295 - face_swap - INFO - 进度: 93.7% 处理帧 179/191
2025-05-18 21:05:43,501 - face_swap - ERROR - 颜色平衡调整出错: OpenCV(4.11.0) D:\a\opencv-python\opencv-python\opencv\modules\imgproc\src\smooth.dispatch.cpp:294: error: (-215:Assertion failed) ksize.width > 0 && ksize.width % 2 == 1 && ksize.height > 0 && ksize.height % 2 == 1 in function 'cv::createGaussianKernels'

2025-05-18 21:05:43,542 - face_swap - INFO - 进度: 94.2% 处理帧 180/191
2025-05-18 21:05:45,489 - face_swap - ERROR - 颜色平衡调整出错: OpenCV(4.11.0) D:\a\opencv-python\opencv-python\opencv\modules\imgproc\src\smooth.dispatch.cpp:294: error: (-215:Assertion failed) ksize.width > 0 && ksize.width % 2 == 1 && ksize.height > 0 && ksize.height % 2 == 1 in function 'cv::createGaussianKernels'

2025-05-18 21:05:45,546 - face_swap - INFO - 进度: 94.8% 处理帧 181/191
2025-05-18 21:05:46,792 - face_swap - ERROR - 颜色平衡调整出错: OpenCV(4.11.0) D:\a\opencv-python\opencv-python\opencv\modules\imgproc\src\smooth.dispatch.cpp:294: error: (-215:Assertion failed) ksize.width > 0 && ksize.width % 2 == 1 && ksize.height > 0 && ksize.height % 2 == 1 in function 'cv::createGaussianKernels'

2025-05-18 21:05:46,832 - face_swap - INFO - 进度: 95.3% 处理帧 182/191
2025-05-18 21:05:48,908 - face_swap - ERROR - 颜色平衡调整出错: OpenCV(4.11.0) D:\a\opencv-python\opencv-python\opencv\modules\imgproc\src\smooth.dispatch.cpp:294: error: (-215:Assertion failed) ksize.width > 0 && ksize.width % 2 == 1 && ksize.height > 0 && ksize.height % 2 == 1 in function 'cv::createGaussianKernels'

2025-05-18 21:05:48,951 - face_swap - INFO - 进度: 95.8% 处理帧 183/191
2025-05-18 21:05:49,885 - face_swap - ERROR - 颜色平衡调整出错: OpenCV(4.11.0) D:\a\opencv-python\opencv-python\opencv\modules\imgproc\src\smooth.dispatch.cpp:294: error: (-215:Assertion failed) ksize.width > 0 && ksize.width % 2 == 1 && ksize.height > 0 && ksize.height % 2 == 1 in function 'cv::createGaussianKernels'

2025-05-18 21:05:49,932 - face_swap - INFO - 进度: 96.3% 处理帧 184/191
2025-05-18 21:05:52,047 - face_swap - ERROR - 颜色平衡调整出错: OpenCV(4.11.0) D:\a\opencv-python\opencv-python\opencv\modules\imgproc\src\smooth.dispatch.cpp:294: error: (-215:Assertion failed) ksize.width > 0 && ksize.width % 2 == 1 && ksize.height > 0 && ksize.height % 2 == 1 in function 'cv::createGaussianKernels'

2025-05-18 21:05:52,091 - face_swap - INFO - 进度: 96.9% 处理帧 185/191
2025-05-18 21:05:53,204 - face_swap - ERROR - 颜色平衡调整出错: OpenCV(4.11.0) D:\a\opencv-python\opencv-python\opencv\modules\imgproc\src\smooth.dispatch.cpp:294: error: (-215:Assertion failed) ksize.width > 0 && ksize.width % 2 == 1 && ksize.height > 0 && ksize.height % 2 == 1 in function 'cv::createGaussianKernels'

2025-05-18 21:05:53,250 - face_swap - INFO - 进度: 97.4% 处理帧 186/191
2025-05-18 21:05:55,356 - face_swap - ERROR - 颜色平衡调整出错: OpenCV(4.11.0) D:\a\opencv-python\opencv-python\opencv\modules\imgproc\src\smooth.dispatch.cpp:294: error: (-215:Assertion failed) ksize.width > 0 && ksize.width % 2 == 1 && ksize.height > 0 && ksize.height % 2 == 1 in function 'cv::createGaussianKernels'

2025-05-18 21:05:55,396 - face_swap - INFO - 进度: 97.9% 处理帧 187/191
2025-05-18 21:05:56,520 - face_swap - ERROR - 颜色平衡调整出错: OpenCV(4.11.0) D:\a\opencv-python\opencv-python\opencv\modules\imgproc\src\smooth.dispatch.cpp:294: error: (-215:Assertion failed) ksize.width > 0 && ksize.width % 2 == 1 && ksize.height > 0 && ksize.height % 2 == 1 in function 'cv::createGaussianKernels'

2025-05-18 21:05:56,557 - face_swap - INFO - 进度: 98.4% 处理帧 188/191
2025-05-18 21:05:58,726 - face_swap - ERROR - 颜色平衡调整出错: OpenCV(4.11.0) D:\a\opencv-python\opencv-python\opencv\modules\imgproc\src\smooth.dispatch.cpp:294: error: (-215:Assertion failed) ksize.width > 0 && ksize.width % 2 == 1 && ksize.height > 0 && ksize.height % 2 == 1 in function 'cv::createGaussianKernels'

2025-05-18 21:05:58,767 - face_swap - INFO - 进度: 99.0% 处理帧 189/191
2025-05-18 21:05:59,742 - face_swap - ERROR - 颜色平衡调整出错: OpenCV(4.11.0) D:\a\opencv-python\opencv-python\opencv\modules\imgproc\src\smooth.dispatch.cpp:294: error: (-215:Assertion failed) ksize.width > 0 && ksize.width % 2 == 1 && ksize.height > 0 && ksize.height % 2 == 1 in function 'cv::createGaussianKernels'

2025-05-18 21:05:59,792 - face_swap - INFO - 进度: 99.5% 处理帧 190/191
2025-05-18 21:06:01,844 - face_swap - ERROR - 颜色平衡调整出错: OpenCV(4.11.0) D:\a\opencv-python\opencv-python\opencv\modules\imgproc\src\smooth.dispatch.cpp:294: error: (-215:Assertion failed) ksize.width > 0 && ksize.width % 2 == 1 && ksize.height > 0 && ksize.height % 2 == 1 in function 'cv::createGaussianKernels'

2025-05-18 21:06:01,884 - face_swap - INFO - 进度: 100.0% 处理帧 191/191
2025-05-18 21:06:01,885 - face_swap - INFO - 状态: 正在处理视频... 191/191 帧
2025-05-18 21:06:01,886 - face_swap - INFO - 处理进度: 191/191 (100.0%)
2025-05-18 21:06:02,453 - face_swap - ERROR - 颜色平衡调整出错: OpenCV(4.11.0) D:\a\opencv-python\opencv-python\opencv\modules\imgproc\src\smooth.dispatch.cpp:294: error: (-215:Assertion failed) ksize.width > 0 && ksize.width % 2 == 1 && ksize.height > 0 && ksize.height % 2 == 1 in function 'cv::createGaussianKernels'

2025-05-18 21:06:04,720 - face_swap - ERROR - 颜色平衡调整出错: OpenCV(4.11.0) D:\a\opencv-python\opencv-python\opencv\modules\imgproc\src\smooth.dispatch.cpp:294: error: (-215:Assertion failed) ksize.width > 0 && ksize.width % 2 == 1 && ksize.height > 0 && ksize.height % 2 == 1 in function 'cv::createGaussianKernels'

2025-05-18 21:06:05,725 - face_swap - ERROR - 颜色平衡调整出错: OpenCV(4.11.0) D:\a\opencv-python\opencv-python\opencv\modules\imgproc\src\smooth.dispatch.cpp:294: error: (-215:Assertion failed) ksize.width > 0 && ksize.width % 2 == 1 && ksize.height > 0 && ksize.height % 2 == 1 in function 'cv::createGaussianKernels'

2025-05-18 21:06:07,961 - face_swap - ERROR - 颜色平衡调整出错: OpenCV(4.11.0) D:\a\opencv-python\opencv-python\opencv\modules\imgproc\src\smooth.dispatch.cpp:294: error: (-215:Assertion failed) ksize.width > 0 && ksize.width % 2 == 1 && ksize.height > 0 && ksize.height % 2 == 1 in function 'cv::createGaussianKernels'

2025-05-18 21:06:09,399 - face_swap - ERROR - 颜色平衡调整出错: OpenCV(4.11.0) D:\a\opencv-python\opencv-python\opencv\modules\imgproc\src\smooth.dispatch.cpp:294: error: (-215:Assertion failed) ksize.width > 0 && ksize.width % 2 == 1 && ksize.height > 0 && ksize.height % 2 == 1 in function 'cv::createGaussianKernels'

2025-05-18 21:06:11,519 - face_swap - ERROR - 颜色平衡调整出错: OpenCV(4.11.0) D:\a\opencv-python\opencv-python\opencv\modules\imgproc\src\smooth.dispatch.cpp:294: error: (-215:Assertion failed) ksize.width > 0 && ksize.width % 2 == 1 && ksize.height > 0 && ksize.height % 2 == 1 in function 'cv::createGaussianKernels'

2025-05-18 21:06:12,132 - face_swap - ERROR - 颜色平衡调整出错: OpenCV(4.11.0) D:\a\opencv-python\opencv-python\opencv\modules\imgproc\src\smooth.dispatch.cpp:294: error: (-215:Assertion failed) ksize.width > 0 && ksize.width % 2 == 1 && ksize.height > 0 && ksize.height % 2 == 1 in function 'cv::createGaussianKernels'

2025-05-18 21:06:12,232 - face_swap - INFO - 状态: 处理完成!
2025-05-18 21:06:12,232 - face_swap - INFO - 进度: 100.0% 完成
2025-05-18 21:06:12,233 - face_swap - INFO - 视频处理完成: e:\face\output_videos\MV_20250411_190055_face_swap_1747573279.mp4
2025-05-18 21:06:29,833 - face_swap - INFO - 状态: 正在处理视频...
2025-05-18 21:06:29,868 - face_swap - INFO - 视频信息: 1920x1080, 29.902240629177467fps, 937帧
2025-05-18 21:06:29,868 - face_swap - INFO - 输出文件: e:\face\output_videos\VID_20230207_103934_face_swap.mp4
2025-05-18 21:06:29,868 - face_swap - INFO - 状态: 正在处理视频: 1920x1080, 29.902240629177467fps, 937帧
2025-05-18 21:06:29,869 - face_swap - INFO - 使用InsightFace，限制工作线程数为: 2
2025-05-18 21:06:29,869 - face_swap - INFO - 进度: 0.0% 准备处理
2025-05-18 21:06:29,908 - face_swap - INFO - 进度: 0.1% 处理帧 1/937
2025-05-18 21:06:29,915 - face_swap - INFO - 进度: 0.2% 处理帧 2/937
2025-05-18 21:06:29,924 - face_swap - INFO - 进度: 0.3% 处理帧 3/937
2025-05-18 21:06:29,941 - face_swap - INFO - 进度: 0.4% 处理帧 4/937
2025-05-18 21:06:29,951 - face_swap - INFO - 进度: 0.5% 处理帧 5/937
2025-05-18 21:06:29,961 - face_swap - INFO - 进度: 0.6% 处理帧 6/937
2025-05-18 21:06:29,970 - face_swap - INFO - 进度: 0.7% 处理帧 7/937
2025-05-18 21:06:30,098 - face_swap - INFO - 进度: 0.9% 处理帧 8/937
2025-05-18 21:06:30,442 - face_swap - INFO - 进度: 1.0% 处理帧 9/937
2025-05-18 21:06:33,017 - face_swap - ERROR - 颜色平衡调整出错: OpenCV(4.11.0) D:\a\opencv-python\opencv-python\opencv\modules\imgproc\src\smooth.dispatch.cpp:294: error: (-215:Assertion failed) ksize.width > 0 && ksize.width % 2 == 1 && ksize.height > 0 && ksize.height % 2 == 1 in function 'cv::createGaussianKernels'

2025-05-18 21:06:33,105 - face_swap - INFO - 进度: 1.1% 处理帧 10/937
2025-05-18 21:06:34,068 - face_swap - ERROR - 颜色平衡调整出错: OpenCV(4.11.0) D:\a\opencv-python\opencv-python\opencv\modules\imgproc\src\smooth.dispatch.cpp:294: error: (-215:Assertion failed) ksize.width > 0 && ksize.width % 2 == 1 && ksize.height > 0 && ksize.height % 2 == 1 in function 'cv::createGaussianKernels'

2025-05-18 21:06:34,154 - face_swap - INFO - 进度: 1.2% 处理帧 11/937
2025-05-18 21:06:34,366 - face_swap - INFO - 进度: 1.3% 处理帧 12/937
2025-05-18 21:06:34,585 - face_swap - INFO - 进度: 1.4% 处理帧 13/937
2025-05-18 21:06:36,190 - face_swap - ERROR - 颜色平衡调整出错: OpenCV(4.11.0) D:\a\opencv-python\opencv-python\opencv\modules\imgproc\src\smooth.dispatch.cpp:294: error: (-215:Assertion failed) ksize.width > 0 && ksize.width % 2 == 1 && ksize.height > 0 && ksize.height % 2 == 1 in function 'cv::createGaussianKernels'

2025-05-18 21:06:36,351 - face_swap - INFO - 进度: 1.5% 处理帧 14/937
2025-05-18 21:06:37,024 - face_swap - INFO - 进度: 1.6% 处理帧 15/937
2025-05-18 21:06:37,506 - face_swap - INFO - 进度: 1.7% 处理帧 16/937
2025-05-18 21:06:37,624 - face_swap - INFO - 进度: 1.8% 处理帧 17/937
2025-05-18 21:06:37,978 - face_swap - ERROR - 颜色平衡调整出错: OpenCV(4.11.0) D:\a\opencv-python\opencv-python\opencv\modules\imgproc\src\smooth.dispatch.cpp:294: error: (-215:Assertion failed) ksize.width > 0 && ksize.width % 2 == 1 && ksize.height > 0 && ksize.height % 2 == 1 in function 'cv::createGaussianKernels'

2025-05-18 21:06:38,121 - face_swap - INFO - 进度: 1.9% 处理帧 18/937
2025-05-18 21:06:40,491 - face_swap - ERROR - 颜色平衡调整出错: OpenCV(4.11.0) D:\a\opencv-python\opencv-python\opencv\modules\imgproc\src\smooth.dispatch.cpp:294: error: (-215:Assertion failed) ksize.width > 0 && ksize.width % 2 == 1 && ksize.height > 0 && ksize.height % 2 == 1 in function 'cv::createGaussianKernels'

2025-05-18 21:06:40,536 - face_swap - INFO - 进度: 2.0% 处理帧 19/937
2025-05-18 21:06:41,374 - face_swap - ERROR - 颜色平衡调整出错: OpenCV(4.11.0) D:\a\opencv-python\opencv-python\opencv\modules\imgproc\src\smooth.dispatch.cpp:294: error: (-215:Assertion failed) ksize.width > 0 && ksize.width % 2 == 1 && ksize.height > 0 && ksize.height % 2 == 1 in function 'cv::createGaussianKernels'

2025-05-18 21:06:41,447 - face_swap - INFO - 进度: 2.1% 处理帧 20/937
2025-05-18 21:06:43,789 - face_swap - ERROR - 颜色平衡调整出错: OpenCV(4.11.0) D:\a\opencv-python\opencv-python\opencv\modules\imgproc\src\smooth.dispatch.cpp:294: error: (-215:Assertion failed) ksize.width > 0 && ksize.width % 2 == 1 && ksize.height > 0 && ksize.height % 2 == 1 in function 'cv::createGaussianKernels'

2025-05-18 21:06:43,843 - face_swap - INFO - 进度: 2.2% 处理帧 21/937
2025-05-18 21:06:44,741 - face_swap - ERROR - 颜色平衡调整出错: OpenCV(4.11.0) D:\a\opencv-python\opencv-python\opencv\modules\imgproc\src\smooth.dispatch.cpp:294: error: (-215:Assertion failed) ksize.width > 0 && ksize.width % 2 == 1 && ksize.height > 0 && ksize.height % 2 == 1 in function 'cv::createGaussianKernels'

2025-05-18 21:06:44,782 - face_swap - INFO - 进度: 2.3% 处理帧 22/937
2025-05-18 21:06:46,734 - face_swap - ERROR - 颜色平衡调整出错: OpenCV(4.11.0) D:\a\opencv-python\opencv-python\opencv\modules\imgproc\src\smooth.dispatch.cpp:294: error: (-215:Assertion failed) ksize.width > 0 && ksize.width % 2 == 1 && ksize.height > 0 && ksize.height % 2 == 1 in function 'cv::createGaussianKernels'

2025-05-18 21:06:46,776 - face_swap - INFO - 进度: 2.5% 处理帧 23/937
2025-05-18 21:06:47,111 - face_swap - INFO - 进度: 2.6% 处理帧 24/937
2025-05-18 21:06:47,876 - face_swap - ERROR - 颜色平衡调整出错: OpenCV(4.11.0) D:\a\opencv-python\opencv-python\opencv\modules\imgproc\src\smooth.dispatch.cpp:294: error: (-215:Assertion failed) ksize.width > 0 && ksize.width % 2 == 1 && ksize.height > 0 && ksize.height % 2 == 1 in function 'cv::createGaussianKernels'

2025-05-18 21:06:47,948 - face_swap - INFO - 进度: 2.7% 处理帧 25/937
2025-05-18 21:06:50,166 - face_swap - ERROR - 颜色平衡调整出错: OpenCV(4.11.0) D:\a\opencv-python\opencv-python\opencv\modules\imgproc\src\smooth.dispatch.cpp:294: error: (-215:Assertion failed) ksize.width > 0 && ksize.width % 2 == 1 && ksize.height > 0 && ksize.height % 2 == 1 in function 'cv::createGaussianKernels'

2025-05-18 21:06:50,209 - face_swap - INFO - 进度: 2.8% 处理帧 26/937
2025-05-18 21:06:51,691 - face_swap - ERROR - 颜色平衡调整出错: OpenCV(4.11.0) D:\a\opencv-python\opencv-python\opencv\modules\imgproc\src\smooth.dispatch.cpp:294: error: (-215:Assertion failed) ksize.width > 0 && ksize.width % 2 == 1 && ksize.height > 0 && ksize.height % 2 == 1 in function 'cv::createGaussianKernels'

2025-05-18 21:06:51,742 - face_swap - INFO - 进度: 2.9% 处理帧 27/937
2025-05-18 21:06:53,655 - face_swap - ERROR - 颜色平衡调整出错: OpenCV(4.11.0) D:\a\opencv-python\opencv-python\opencv\modules\imgproc\src\smooth.dispatch.cpp:294: error: (-215:Assertion failed) ksize.width > 0 && ksize.width % 2 == 1 && ksize.height > 0 && ksize.height % 2 == 1 in function 'cv::createGaussianKernels'

2025-05-18 21:06:53,738 - face_swap - INFO - 进度: 3.0% 处理帧 28/937
2025-05-18 21:06:54,349 - face_swap - INFO - 进度: 3.1% 处理帧 29/937
2025-05-18 21:06:54,477 - face_swap - INFO - 进度: 3.2% 处理帧 30/937
2025-05-18 21:06:54,969 - face_swap - ERROR - 颜色平衡调整出错: OpenCV(4.11.0) D:\a\opencv-python\opencv-python\opencv\modules\imgproc\src\smooth.dispatch.cpp:294: error: (-215:Assertion failed) ksize.width > 0 && ksize.width % 2 == 1 && ksize.height > 0 && ksize.height % 2 == 1 in function 'cv::createGaussianKernels'

2025-05-18 21:06:55,140 - face_swap - INFO - 进度: 3.3% 处理帧 31/937
2025-05-18 21:06:55,333 - face_swap - INFO - 进度: 3.4% 处理帧 32/937
2025-05-18 21:06:55,974 - face_swap - INFO - 进度: 3.5% 处理帧 33/937
2025-05-18 21:06:56,311 - face_swap - INFO - 进度: 3.6% 处理帧 34/937
2025-05-18 21:06:57,957 - face_swap - ERROR - 颜色平衡调整出错: OpenCV(4.11.0) D:\a\opencv-python\opencv-python\opencv\modules\imgproc\src\smooth.dispatch.cpp:294: error: (-215:Assertion failed) ksize.width > 0 && ksize.width % 2 == 1 && ksize.height > 0 && ksize.height % 2 == 1 in function 'cv::createGaussianKernels'

2025-05-18 21:06:58,143 - face_swap - INFO - 进度: 3.7% 处理帧 35/937
2025-05-18 21:06:59,810 - face_swap - ERROR - 颜色平衡调整出错: OpenCV(4.11.0) D:\a\opencv-python\opencv-python\opencv\modules\imgproc\src\smooth.dispatch.cpp:294: error: (-215:Assertion failed) ksize.width > 0 && ksize.width % 2 == 1 && ksize.height > 0 && ksize.height % 2 == 1 in function 'cv::createGaussianKernels'

2025-05-18 21:06:59,882 - face_swap - INFO - 进度: 3.8% 处理帧 36/937
2025-05-18 21:07:00,289 - face_swap - INFO - 进度: 3.9% 处理帧 37/937
2025-05-18 21:07:00,794 - face_swap - INFO - 进度: 4.1% 处理帧 38/937
2025-05-18 21:07:01,141 - face_swap - INFO - 进度: 4.2% 处理帧 39/937
2025-05-18 21:07:01,227 - face_swap - INFO - 进度: 4.3% 处理帧 40/937
2025-05-18 21:07:01,309 - face_swap - INFO - 进度: 4.4% 处理帧 41/937
2025-05-18 21:07:01,402 - face_swap - INFO - 进度: 4.5% 处理帧 42/937
2025-05-18 21:07:01,446 - face_swap - ERROR - 颜色平衡调整出错: OpenCV(4.11.0) D:\a\opencv-python\opencv-python\opencv\modules\imgproc\src\smooth.dispatch.cpp:294: error: (-215:Assertion failed) ksize.width > 0 && ksize.width % 2 == 1 && ksize.height > 0 && ksize.height % 2 == 1 in function 'cv::createGaussianKernels'

2025-05-18 21:07:01,671 - face_swap - INFO - 进度: 4.6% 处理帧 43/937
2025-05-18 21:07:01,779 - face_swap - INFO - 进度: 4.7% 处理帧 44/937
2025-05-18 21:07:01,857 - face_swap - INFO - 进度: 4.8% 处理帧 45/937
2025-05-18 21:07:01,869 - face_swap - INFO - 进度: 4.9% 处理帧 46/937
2025-05-18 21:07:01,947 - face_swap - INFO - 进度: 5.0% 处理帧 47/937
2025-05-18 21:07:01,957 - face_swap - INFO - 进度: 5.1% 处理帧 48/937
2025-05-18 21:07:01,967 - face_swap - INFO - 进度: 5.2% 处理帧 49/937
2025-05-18 21:07:01,977 - face_swap - INFO - 进度: 5.3% 处理帧 50/937
2025-05-18 21:07:02,045 - face_swap - INFO - 进度: 5.4% 处理帧 51/937
2025-05-18 21:07:02,081 - face_swap - INFO - 进度: 5.5% 处理帧 52/937
2025-05-18 21:07:02,164 - face_swap - INFO - 进度: 5.7% 处理帧 53/937
2025-05-18 21:07:02,201 - face_swap - INFO - 进度: 5.8% 处理帧 54/937
2025-05-18 21:07:02,290 - face_swap - INFO - 进度: 5.9% 处理帧 55/937
2025-05-18 21:07:02,328 - face_swap - INFO - 进度: 6.0% 处理帧 56/937
2025-05-18 21:07:02,415 - face_swap - INFO - 进度: 6.1% 处理帧 57/937
2025-05-18 21:07:02,456 - face_swap - INFO - 进度: 6.2% 处理帧 58/937
2025-05-18 21:07:02,546 - face_swap - INFO - 进度: 6.3% 处理帧 59/937
2025-05-18 21:07:02,586 - face_swap - INFO - 进度: 6.4% 处理帧 60/937
2025-05-18 21:07:02,642 - face_swap - INFO - 进度: 6.5% 处理帧 61/937
2025-05-18 21:07:02,724 - face_swap - INFO - 进度: 6.6% 处理帧 62/937
2025-05-18 21:07:02,804 - face_swap - INFO - 进度: 6.7% 处理帧 63/937
2025-05-18 21:07:02,856 - face_swap - INFO - 进度: 6.8% 处理帧 64/937
2025-05-18 21:07:02,916 - face_swap - INFO - 进度: 6.9% 处理帧 65/937
2025-05-18 21:07:02,998 - face_swap - INFO - 进度: 7.0% 处理帧 66/937
2025-05-18 21:07:03,056 - face_swap - INFO - 进度: 7.2% 处理帧 67/937
2025-05-18 21:07:03,142 - face_swap - INFO - 进度: 7.3% 处理帧 68/937
2025-05-18 21:07:03,229 - face_swap - INFO - 进度: 7.4% 处理帧 69/937
2025-05-18 21:07:03,272 - face_swap - INFO - 进度: 7.5% 处理帧 70/937
2025-05-18 21:07:03,350 - face_swap - INFO - 进度: 7.6% 处理帧 71/937
2025-05-18 21:07:03,391 - face_swap - INFO - 进度: 7.7% 处理帧 72/937
2025-05-18 21:07:03,458 - face_swap - INFO - 进度: 7.8% 处理帧 73/937
2025-05-18 21:07:03,531 - face_swap - INFO - 进度: 7.9% 处理帧 74/937
2025-05-18 21:07:03,612 - face_swap - INFO - 进度: 8.0% 处理帧 75/937
2025-05-18 21:07:03,651 - face_swap - INFO - 进度: 8.1% 处理帧 76/937
2025-05-18 21:07:03,764 - face_swap - INFO - 进度: 8.2% 处理帧 77/937
2025-05-18 21:07:03,773 - face_swap - INFO - 进度: 8.3% 处理帧 78/937
2025-05-18 21:07:03,864 - face_swap - INFO - 进度: 8.4% 处理帧 79/937
2025-05-18 21:07:03,901 - face_swap - INFO - 进度: 8.5% 处理帧 80/937
2025-05-18 21:07:03,984 - face_swap - INFO - 进度: 8.6% 处理帧 81/937
2025-05-18 21:07:04,024 - face_swap - INFO - 进度: 8.8% 处理帧 82/937
2025-05-18 21:07:04,110 - face_swap - INFO - 进度: 8.9% 处理帧 83/937
2025-05-18 21:07:04,156 - face_swap - INFO - 进度: 9.0% 处理帧 84/937
2025-05-18 21:07:04,239 - face_swap - INFO - 进度: 9.1% 处理帧 85/937
2025-05-18 21:07:04,282 - face_swap - INFO - 进度: 9.2% 处理帧 86/937
2025-05-18 21:07:04,364 - face_swap - INFO - 进度: 9.3% 处理帧 87/937
2025-05-18 21:07:04,411 - face_swap - INFO - 进度: 9.4% 处理帧 88/937
2025-05-18 21:07:04,496 - face_swap - INFO - 进度: 9.5% 处理帧 89/937
2025-05-18 21:07:04,538 - face_swap - INFO - 进度: 9.6% 处理帧 90/937
2025-05-18 21:07:04,618 - face_swap - INFO - 进度: 9.7% 处理帧 91/937
2025-05-18 21:07:04,652 - face_swap - INFO - 进度: 9.8% 处理帧 92/937
2025-05-18 21:07:04,751 - face_swap - INFO - 进度: 9.9% 处理帧 93/937
2025-05-18 21:07:07,105 - face_swap - ERROR - 颜色平衡调整出错: OpenCV(4.11.0) D:\a\opencv-python\opencv-python\opencv\modules\imgproc\src\smooth.dispatch.cpp:294: error: (-215:Assertion failed) ksize.width > 0 && ksize.width % 2 == 1 && ksize.height > 0 && ksize.height % 2 == 1 in function 'cv::createGaussianKernels'

2025-05-18 21:07:07,232 - face_swap - INFO - 进度: 10.0% 处理帧 94/937
2025-05-18 21:07:07,707 - face_swap - ERROR - 颜色平衡调整出错: OpenCV(4.11.0) D:\a\opencv-python\opencv-python\opencv\modules\imgproc\src\smooth.dispatch.cpp:294: error: (-215:Assertion failed) ksize.width > 0 && ksize.width % 2 == 1 && ksize.height > 0 && ksize.height % 2 == 1 in function 'cv::createGaussianKernels'

2025-05-18 21:07:07,766 - face_swap - INFO - 进度: 10.1% 处理帧 95/937
2025-05-18 21:07:09,868 - face_swap - ERROR - 颜色平衡调整出错: OpenCV(4.11.0) D:\a\opencv-python\opencv-python\opencv\modules\imgproc\src\smooth.dispatch.cpp:294: error: (-215:Assertion failed) ksize.width > 0 && ksize.width % 2 == 1 && ksize.height > 0 && ksize.height % 2 == 1 in function 'cv::createGaussianKernels'

2025-05-18 21:07:09,924 - face_swap - INFO - 进度: 10.2% 处理帧 96/937
2025-05-18 21:07:11,187 - face_swap - ERROR - 颜色平衡调整出错: OpenCV(4.11.0) D:\a\opencv-python\opencv-python\opencv\modules\imgproc\src\smooth.dispatch.cpp:294: error: (-215:Assertion failed) ksize.width > 0 && ksize.width % 2 == 1 && ksize.height > 0 && ksize.height % 2 == 1 in function 'cv::createGaussianKernels'

2025-05-18 21:07:11,249 - face_swap - INFO - 进度: 10.4% 处理帧 97/937
2025-05-18 21:07:12,589 - face_swap - ERROR - 颜色平衡调整出错: OpenCV(4.11.0) D:\a\opencv-python\opencv-python\opencv\modules\imgproc\src\smooth.dispatch.cpp:294: error: (-215:Assertion failed) ksize.width > 0 && ksize.width % 2 == 1 && ksize.height > 0 && ksize.height % 2 == 1 in function 'cv::createGaussianKernels'

2025-05-18 21:07:12,636 - face_swap - INFO - 进度: 10.5% 处理帧 98/937
2025-05-18 21:07:14,296 - face_swap - ERROR - 颜色平衡调整出错: OpenCV(4.11.0) D:\a\opencv-python\opencv-python\opencv\modules\imgproc\src\smooth.dispatch.cpp:294: error: (-215:Assertion failed) ksize.width > 0 && ksize.width % 2 == 1 && ksize.height > 0 && ksize.height % 2 == 1 in function 'cv::createGaussianKernels'

2025-05-18 21:07:14,362 - face_swap - INFO - 进度: 10.6% 处理帧 99/937
2025-05-18 21:07:16,070 - face_swap - ERROR - 颜色平衡调整出错: OpenCV(4.11.0) D:\a\opencv-python\opencv-python\opencv\modules\imgproc\src\smooth.dispatch.cpp:294: error: (-215:Assertion failed) ksize.width > 0 && ksize.width % 2 == 1 && ksize.height > 0 && ksize.height % 2 == 1 in function 'cv::createGaussianKernels'

2025-05-18 21:07:16,113 - face_swap - INFO - 进度: 10.7% 处理帧 100/937
2025-05-18 21:07:16,133 - face_swap - INFO - 状态: 正在处理视频... 100/937 帧
2025-05-18 21:07:16,163 - face_swap - INFO - 处理进度: 100/937 (10.7%)
2025-05-18 21:07:16,621 - face_swap - INFO - 进度: 10.8% 处理帧 101/937
2025-05-18 21:07:17,605 - face_swap - ERROR - 颜色平衡调整出错: OpenCV(4.11.0) D:\a\opencv-python\opencv-python\opencv\modules\imgproc\src\smooth.dispatch.cpp:294: error: (-215:Assertion failed) ksize.width > 0 && ksize.width % 2 == 1 && ksize.height > 0 && ksize.height % 2 == 1 in function 'cv::createGaussianKernels'

2025-05-18 21:07:17,696 - face_swap - INFO - 进度: 10.9% 处理帧 102/937
2025-05-18 21:07:20,133 - face_swap - ERROR - 颜色平衡调整出错: OpenCV(4.11.0) D:\a\opencv-python\opencv-python\opencv\modules\imgproc\src\smooth.dispatch.cpp:294: error: (-215:Assertion failed) ksize.width > 0 && ksize.width % 2 == 1 && ksize.height > 0 && ksize.height % 2 == 1 in function 'cv::createGaussianKernels'

2025-05-18 21:07:20,199 - face_swap - INFO - 进度: 11.0% 处理帧 103/937
2025-05-18 21:07:22,394 - face_swap - ERROR - 颜色平衡调整出错: OpenCV(4.11.0) D:\a\opencv-python\opencv-python\opencv\modules\imgproc\src\smooth.dispatch.cpp:294: error: (-215:Assertion failed) ksize.width > 0 && ksize.width % 2 == 1 && ksize.height > 0 && ksize.height % 2 == 1 in function 'cv::createGaussianKernels'

2025-05-18 21:07:22,431 - face_swap - INFO - 进度: 11.1% 处理帧 104/937
2025-05-18 21:07:29,880 - face_swap - ERROR - 颜色平衡调整出错: OpenCV(4.11.0) D:\a\opencv-python\opencv-python\opencv\modules\imgproc\src\smooth.dispatch.cpp:294: error: (-215:Assertion failed) ksize.width > 0 && ksize.width % 2 == 1 && ksize.height > 0 && ksize.height % 2 == 1 in function 'cv::createGaussianKernels'

2025-05-18 21:07:29,969 - face_swap - INFO - 进度: 11.2% 处理帧 105/937
2025-05-18 21:07:30,562 - face_swap - INFO - 进度: 11.3% 处理帧 106/937
2025-05-18 21:07:31,246 - face_swap - INFO - 进度: 11.4% 处理帧 107/937
2025-05-18 21:07:32,138 - face_swap - INFO - 进度: 11.5% 处理帧 108/937
2025-05-18 21:07:32,529 - face_swap - INFO - 进度: 11.6% 处理帧 109/937
2025-05-18 21:07:32,666 - face_swap - ERROR - 颜色平衡调整出错: OpenCV(4.11.0) D:\a\opencv-python\opencv-python\opencv\modules\imgproc\src\smooth.dispatch.cpp:294: error: (-215:Assertion failed) ksize.width > 0 && ksize.width % 2 == 1 && ksize.height > 0 && ksize.height % 2 == 1 in function 'cv::createGaussianKernels'

2025-05-18 21:07:33,380 - face_swap - INFO - 进度: 11.7% 处理帧 110/937
2025-05-18 21:07:33,641 - face_swap - INFO - 进度: 11.8% 处理帧 111/937
2025-05-18 21:07:33,702 - face_swap - INFO - 进度: 12.0% 处理帧 112/937
2025-05-18 21:07:33,831 - face_swap - INFO - 进度: 12.1% 处理帧 113/937
2025-05-18 21:07:33,918 - face_swap - INFO - 进度: 12.2% 处理帧 114/937
2025-05-18 21:07:34,055 - face_swap - INFO - 进度: 12.3% 处理帧 115/937
2025-05-18 21:07:34,738 - face_swap - INFO - 进度: 12.4% 处理帧 116/937
2025-05-18 21:07:34,852 - face_swap - INFO - 进度: 12.5% 处理帧 117/937
2025-05-18 21:07:35,474 - face_swap - INFO - 进度: 12.6% 处理帧 118/937
2025-05-18 21:07:35,754 - face_swap - INFO - 进度: 12.7% 处理帧 119/937
2025-05-18 21:07:36,201 - face_swap - INFO - 进度: 12.8% 处理帧 120/937
2025-05-18 21:07:36,363 - face_swap - INFO - 进度: 12.9% 处理帧 121/937
2025-05-18 21:07:36,643 - face_swap - INFO - 进度: 13.0% 处理帧 122/937
2025-05-18 21:07:36,827 - face_swap - INFO - 进度: 13.1% 处理帧 123/937
2025-05-18 21:07:37,153 - face_swap - INFO - 进度: 13.2% 处理帧 124/937
2025-05-18 21:07:45,269 - face_swap - ERROR - 颜色平衡调整出错: OpenCV(4.11.0) D:\a\opencv-python\opencv-python\opencv\modules\imgproc\src\smooth.dispatch.cpp:294: error: (-215:Assertion failed) ksize.width > 0 && ksize.width % 2 == 1 && ksize.height > 0 && ksize.height % 2 == 1 in function 'cv::createGaussianKernels'

2025-05-18 21:07:45,311 - face_swap - INFO - 进度: 13.3% 处理帧 125/937
2025-05-18 21:07:46,122 - face_swap - ERROR - 颜色平衡调整出错: OpenCV(4.11.0) D:\a\opencv-python\opencv-python\opencv\modules\imgproc\src\smooth.dispatch.cpp:294: error: (-215:Assertion failed) ksize.width > 0 && ksize.width % 2 == 1 && ksize.height > 0 && ksize.height % 2 == 1 in function 'cv::createGaussianKernels'

2025-05-18 21:07:46,239 - face_swap - INFO - 进度: 13.4% 处理帧 126/937
2025-05-18 21:07:53,601 - face_swap - ERROR - 颜色平衡调整出错: OpenCV(4.11.0) D:\a\opencv-python\opencv-python\opencv\modules\imgproc\src\smooth.dispatch.cpp:294: error: (-215:Assertion failed) ksize.width > 0 && ksize.width % 2 == 1 && ksize.height > 0 && ksize.height % 2 == 1 in function 'cv::createGaussianKernels'

2025-05-18 21:07:53,778 - face_swap - INFO - 进度: 13.6% 处理帧 127/937
2025-05-18 21:07:57,954 - face_swap - ERROR - 颜色平衡调整出错: OpenCV(4.11.0) D:\a\opencv-python\opencv-python\opencv\modules\imgproc\src\smooth.dispatch.cpp:294: error: (-215:Assertion failed) ksize.width > 0 && ksize.width % 2 == 1 && ksize.height > 0 && ksize.height % 2 == 1 in function 'cv::createGaussianKernels'

2025-05-18 21:07:58,146 - face_swap - INFO - 进度: 13.7% 处理帧 128/937
2025-05-18 21:08:04,891 - face_swap - ERROR - 颜色平衡调整出错: OpenCV(4.11.0) D:\a\opencv-python\opencv-python\opencv\modules\imgproc\src\smooth.dispatch.cpp:294: error: (-215:Assertion failed) ksize.width > 0 && ksize.width % 2 == 1 && ksize.height > 0 && ksize.height % 2 == 1 in function 'cv::createGaussianKernels'

2025-05-18 21:08:04,982 - face_swap - INFO - 进度: 13.8% 处理帧 129/937
2025-05-18 21:08:08,165 - face_swap - ERROR - 颜色平衡调整出错: OpenCV(4.11.0) D:\a\opencv-python\opencv-python\opencv\modules\imgproc\src\smooth.dispatch.cpp:294: error: (-215:Assertion failed) ksize.width > 0 && ksize.width % 2 == 1 && ksize.height > 0 && ksize.height % 2 == 1 in function 'cv::createGaussianKernels'

2025-05-18 21:08:08,203 - face_swap - INFO - 进度: 13.9% 处理帧 130/937
2025-05-18 21:08:08,742 - face_swap - INFO - 进度: 14.0% 处理帧 131/937
2025-05-18 21:08:09,284 - face_swap - INFO - 进度: 14.1% 处理帧 132/937
2025-05-18 21:08:10,473 - face_swap - INFO - 进度: 14.2% 处理帧 133/937
2025-05-18 21:08:11,685 - face_swap - INFO - 进度: 14.3% 处理帧 134/937
2025-05-18 21:08:12,699 - face_swap - INFO - 进度: 14.4% 处理帧 135/937
2025-05-18 21:08:15,818 - face_swap - ERROR - 颜色平衡调整出错: OpenCV(4.11.0) D:\a\opencv-python\opencv-python\opencv\modules\imgproc\src\smooth.dispatch.cpp:294: error: (-215:Assertion failed) ksize.width > 0 && ksize.width % 2 == 1 && ksize.height > 0 && ksize.height % 2 == 1 in function 'cv::createGaussianKernels'

2025-05-18 21:08:16,329 - face_swap - INFO - 进度: 14.5% 处理帧 136/937
2025-05-18 21:08:22,623 - face_swap - ERROR - 颜色平衡调整出错: OpenCV(4.11.0) D:\a\opencv-python\opencv-python\opencv\modules\imgproc\src\smooth.dispatch.cpp:294: error: (-215:Assertion failed) ksize.width > 0 && ksize.width % 2 == 1 && ksize.height > 0 && ksize.height % 2 == 1 in function 'cv::createGaussianKernels'

2025-05-18 21:08:22,754 - face_swap - INFO - 进度: 14.6% 处理帧 137/937
2025-05-18 21:08:25,057 - face_swap - ERROR - 颜色平衡调整出错: OpenCV(4.11.0) D:\a\opencv-python\opencv-python\opencv\modules\imgproc\src\smooth.dispatch.cpp:294: error: (-215:Assertion failed) ksize.width > 0 && ksize.width % 2 == 1 && ksize.height > 0 && ksize.height % 2 == 1 in function 'cv::createGaussianKernels'

2025-05-18 21:08:25,273 - face_swap - INFO - 进度: 14.7% 处理帧 138/937
2025-05-18 21:08:31,633 - face_swap - ERROR - 颜色平衡调整出错: OpenCV(4.11.0) D:\a\opencv-python\opencv-python\opencv\modules\imgproc\src\smooth.dispatch.cpp:294: error: (-215:Assertion failed) ksize.width > 0 && ksize.width % 2 == 1 && ksize.height > 0 && ksize.height % 2 == 1 in function 'cv::createGaussianKernels'

2025-05-18 21:08:32,085 - face_swap - INFO - 进度: 14.8% 处理帧 139/937
2025-05-18 21:08:33,472 - face_swap - INFO - 进度: 14.9% 处理帧 140/937
2025-05-18 21:08:36,555 - face_swap - ERROR - 颜色平衡调整出错: OpenCV(4.11.0) D:\a\opencv-python\opencv-python\opencv\modules\imgproc\src\smooth.dispatch.cpp:294: error: (-215:Assertion failed) ksize.width > 0 && ksize.width % 2 == 1 && ksize.height > 0 && ksize.height % 2 == 1 in function 'cv::createGaussianKernels'

2025-05-18 21:08:36,733 - face_swap - INFO - 进度: 15.0% 处理帧 141/937
2025-05-18 21:08:41,993 - face_swap - ERROR - 颜色平衡调整出错: OpenCV(4.11.0) D:\a\opencv-python\opencv-python\opencv\modules\imgproc\src\smooth.dispatch.cpp:294: error: (-215:Assertion failed) ksize.width > 0 && ksize.width % 2 == 1 && ksize.height > 0 && ksize.height % 2 == 1 in function 'cv::createGaussianKernels'

2025-05-18 21:08:42,046 - face_swap - INFO - 进度: 15.2% 处理帧 142/937
2025-05-18 21:08:42,129 - face_swap - INFO - 进度: 15.3% 处理帧 143/937
2025-05-18 21:08:43,924 - face_swap - ERROR - 颜色平衡调整出错: OpenCV(4.11.0) D:\a\opencv-python\opencv-python\opencv\modules\imgproc\src\smooth.dispatch.cpp:294: error: (-215:Assertion failed) ksize.width > 0 && ksize.width % 2 == 1 && ksize.height > 0 && ksize.height % 2 == 1 in function 'cv::createGaussianKernels'

2025-05-18 21:08:44,054 - face_swap - INFO - 进度: 15.4% 处理帧 144/937
2025-05-18 21:08:44,191 - face_swap - INFO - 进度: 15.5% 处理帧 145/937
2025-05-18 21:08:44,641 - face_swap - INFO - 进度: 15.6% 处理帧 146/937
2025-05-18 21:08:44,738 - face_swap - INFO - 进度: 15.7% 处理帧 147/937
2025-05-18 21:08:44,838 - face_swap - INFO - 进度: 15.8% 处理帧 148/937
2025-05-18 21:08:44,926 - face_swap - INFO - 进度: 15.9% 处理帧 149/937
2025-05-18 21:08:44,966 - face_swap - ERROR - 颜色平衡调整出错: OpenCV(4.11.0) D:\a\opencv-python\opencv-python\opencv\modules\imgproc\src\smooth.dispatch.cpp:294: error: (-215:Assertion failed) ksize.width > 0 && ksize.width % 2 == 1 && ksize.height > 0 && ksize.height % 2 == 1 in function 'cv::createGaussianKernels'

2025-05-18 21:08:45,181 - face_swap - INFO - 进度: 16.0% 处理帧 150/937
2025-05-18 21:08:45,256 - face_swap - INFO - 进度: 16.1% 处理帧 151/937
2025-05-18 21:08:45,318 - face_swap - INFO - 进度: 16.2% 处理帧 152/937
2025-05-18 21:08:45,334 - face_swap - INFO - 进度: 16.3% 处理帧 153/937
2025-05-18 21:08:45,410 - face_swap - INFO - 进度: 16.4% 处理帧 154/937
2025-05-18 21:08:45,426 - face_swap - INFO - 进度: 16.5% 处理帧 155/937
2025-05-18 21:08:45,443 - face_swap - INFO - 进度: 16.6% 处理帧 156/937
2025-05-18 21:08:45,515 - face_swap - INFO - 进度: 16.8% 处理帧 157/937
2025-05-18 21:08:45,566 - face_swap - INFO - 进度: 16.9% 处理帧 158/937
2025-05-18 21:08:45,655 - face_swap - INFO - 进度: 17.0% 处理帧 159/937
2025-05-18 21:08:45,699 - face_swap - INFO - 进度: 17.1% 处理帧 160/937
2025-05-18 21:08:45,772 - face_swap - INFO - 进度: 17.2% 处理帧 161/937
2025-05-18 21:08:45,833 - face_swap - INFO - 进度: 17.3% 处理帧 162/937
2025-05-18 21:08:45,919 - face_swap - INFO - 进度: 17.4% 处理帧 163/937
2025-05-18 21:08:45,952 - face_swap - INFO - 进度: 17.5% 处理帧 164/937
2025-05-18 21:08:46,037 - face_swap - INFO - 进度: 17.6% 处理帧 165/937
2025-05-18 21:08:46,092 - face_swap - INFO - 进度: 17.7% 处理帧 166/937
2025-05-18 21:08:46,176 - face_swap - INFO - 进度: 17.8% 处理帧 167/937
2025-05-18 21:08:46,221 - face_swap - INFO - 进度: 17.9% 处理帧 168/937
2025-05-18 21:08:46,314 - face_swap - INFO - 进度: 18.0% 处理帧 169/937
2025-05-18 21:08:46,367 - face_swap - INFO - 进度: 18.1% 处理帧 170/937
2025-05-18 21:08:46,451 - face_swap - INFO - 进度: 18.2% 处理帧 171/937
2025-05-18 21:08:46,499 - face_swap - INFO - 进度: 18.4% 处理帧 172/937
2025-05-18 21:08:46,585 - face_swap - INFO - 进度: 18.5% 处理帧 173/937
2025-05-18 21:08:46,635 - face_swap - INFO - 进度: 18.6% 处理帧 174/937
2025-05-18 21:08:46,712 - face_swap - INFO - 进度: 18.7% 处理帧 175/937
2025-05-18 21:08:46,749 - face_swap - INFO - 进度: 18.8% 处理帧 176/937
2025-05-18 21:08:46,843 - face_swap - INFO - 进度: 18.9% 处理帧 177/937
2025-05-18 21:08:46,887 - face_swap - INFO - 进度: 19.0% 处理帧 178/937
2025-05-18 21:08:46,977 - face_swap - INFO - 进度: 19.1% 处理帧 179/937
2025-05-18 21:08:47,016 - face_swap - INFO - 进度: 19.2% 处理帧 180/937
2025-05-18 21:08:47,110 - face_swap - INFO - 进度: 19.3% 处理帧 181/937
2025-05-18 21:08:47,176 - face_swap - INFO - 进度: 19.4% 处理帧 182/937
2025-05-18 21:08:47,286 - face_swap - INFO - 进度: 19.5% 处理帧 183/937
2025-05-18 21:08:47,416 - face_swap - INFO - 进度: 19.6% 处理帧 184/937
2025-05-18 21:08:47,538 - face_swap - INFO - 进度: 19.7% 处理帧 185/937
2025-05-18 21:08:47,618 - face_swap - INFO - 进度: 19.9% 处理帧 186/937
2025-05-18 21:08:47,719 - face_swap - INFO - 进度: 20.0% 处理帧 187/937
2025-05-18 21:08:47,760 - face_swap - INFO - 进度: 20.1% 处理帧 188/937
2025-05-18 21:08:47,893 - face_swap - INFO - 进度: 20.2% 处理帧 189/937
2025-05-18 21:08:47,941 - face_swap - INFO - 进度: 20.3% 处理帧 190/937
2025-05-18 21:08:48,032 - face_swap - INFO - 进度: 20.4% 处理帧 191/937
2025-05-18 21:08:48,076 - face_swap - INFO - 进度: 20.5% 处理帧 192/937
2025-05-18 21:08:48,163 - face_swap - INFO - 进度: 20.6% 处理帧 193/937
2025-05-18 21:08:48,209 - face_swap - INFO - 进度: 20.7% 处理帧 194/937
2025-05-18 21:08:48,294 - face_swap - INFO - 进度: 20.8% 处理帧 195/937
2025-05-18 21:08:48,343 - face_swap - INFO - 进度: 20.9% 处理帧 196/937
2025-05-18 21:08:48,433 - face_swap - INFO - 进度: 21.0% 处理帧 197/937
2025-05-18 21:08:48,476 - face_swap - INFO - 进度: 21.1% 处理帧 198/937
2025-05-18 21:08:48,573 - face_swap - INFO - 进度: 21.2% 处理帧 199/937
2025-05-18 21:08:48,614 - face_swap - INFO - 进度: 21.3% 处理帧 200/937
2025-05-18 21:08:48,614 - face_swap - INFO - 状态: 正在处理视频... 200/937 帧
2025-05-18 21:08:48,616 - face_swap - INFO - 处理进度: 200/937 (21.3%)
2025-05-18 21:08:48,712 - face_swap - INFO - 进度: 21.5% 处理帧 201/937
2025-05-18 21:08:48,759 - face_swap - INFO - 进度: 21.6% 处理帧 202/937
2025-05-18 21:08:48,820 - face_swap - INFO - 进度: 21.7% 处理帧 203/937
2025-05-18 21:08:48,896 - face_swap - INFO - 进度: 21.8% 处理帧 204/937
2025-05-18 21:08:48,984 - face_swap - INFO - 进度: 21.9% 处理帧 205/937
2025-05-18 21:08:49,035 - face_swap - INFO - 进度: 22.0% 处理帧 206/937
2025-05-18 21:08:49,124 - face_swap - INFO - 进度: 22.1% 处理帧 207/937
2025-05-18 21:08:49,167 - face_swap - INFO - 进度: 22.2% 处理帧 208/937
2025-05-18 21:08:49,252 - face_swap - INFO - 进度: 22.3% 处理帧 209/937
2025-05-18 21:08:49,300 - face_swap - INFO - 进度: 22.4% 处理帧 210/937
2025-05-18 21:08:49,389 - face_swap - INFO - 进度: 22.5% 处理帧 211/937
2025-05-18 21:08:49,429 - face_swap - INFO - 进度: 22.6% 处理帧 212/937
2025-05-18 21:08:49,529 - face_swap - INFO - 进度: 22.7% 处理帧 213/937
2025-05-18 21:08:49,578 - face_swap - INFO - 进度: 22.8% 处理帧 214/937
2025-05-18 21:08:49,670 - face_swap - INFO - 进度: 22.9% 处理帧 215/937
2025-05-18 21:08:49,715 - face_swap - INFO - 进度: 23.1% 处理帧 216/937
2025-05-18 21:08:49,809 - face_swap - INFO - 进度: 23.2% 处理帧 217/937
2025-05-18 21:08:49,860 - face_swap - INFO - 进度: 23.3% 处理帧 218/937
2025-05-18 21:08:49,946 - face_swap - INFO - 进度: 23.4% 处理帧 219/937
2025-05-18 21:08:49,994 - face_swap - INFO - 进度: 23.5% 处理帧 220/937
2025-05-18 21:08:50,080 - face_swap - INFO - 进度: 23.6% 处理帧 221/937
2025-05-18 21:08:50,127 - face_swap - INFO - 进度: 23.7% 处理帧 222/937
2025-05-18 21:08:50,218 - face_swap - INFO - 进度: 23.8% 处理帧 223/937
2025-05-18 21:08:50,257 - face_swap - INFO - 进度: 23.9% 处理帧 224/937
2025-05-18 21:08:50,350 - face_swap - INFO - 进度: 24.0% 处理帧 225/937
2025-05-18 21:08:50,400 - face_swap - INFO - 进度: 24.1% 处理帧 226/937
2025-05-18 21:08:50,482 - face_swap - INFO - 进度: 24.2% 处理帧 227/937
2025-05-18 21:08:50,525 - face_swap - INFO - 进度: 24.3% 处理帧 228/937
2025-05-18 21:08:50,613 - face_swap - INFO - 进度: 24.4% 处理帧 229/937
2025-05-18 21:08:50,657 - face_swap - INFO - 进度: 24.5% 处理帧 230/937
2025-05-18 21:08:50,748 - face_swap - INFO - 进度: 24.7% 处理帧 231/937
2025-05-18 21:08:50,796 - face_swap - INFO - 进度: 24.8% 处理帧 232/937
2025-05-18 21:08:50,884 - face_swap - INFO - 进度: 24.9% 处理帧 233/937
2025-05-18 21:08:50,929 - face_swap - INFO - 进度: 25.0% 处理帧 234/937
2025-05-18 21:08:51,025 - face_swap - INFO - 进度: 25.1% 处理帧 235/937
2025-05-18 21:08:51,069 - face_swap - INFO - 进度: 25.2% 处理帧 236/937
2025-05-18 21:08:51,139 - face_swap - INFO - 进度: 25.3% 处理帧 237/937
2025-05-18 21:08:51,219 - face_swap - INFO - 进度: 25.4% 处理帧 238/937
2025-05-18 21:08:51,313 - face_swap - INFO - 进度: 25.5% 处理帧 239/937
2025-05-18 21:08:51,364 - face_swap - INFO - 进度: 25.6% 处理帧 240/937
2025-05-18 21:08:51,422 - face_swap - INFO - 进度: 25.7% 处理帧 241/937
2025-05-18 21:08:51,503 - face_swap - INFO - 进度: 25.8% 处理帧 242/937
2025-05-18 21:08:51,589 - face_swap - INFO - 进度: 25.9% 处理帧 243/937
2025-05-18 21:08:51,635 - face_swap - INFO - 进度: 26.0% 处理帧 244/937
2025-05-18 21:08:51,722 - face_swap - INFO - 进度: 26.1% 处理帧 245/937
2025-05-18 21:08:51,765 - face_swap - INFO - 进度: 26.3% 处理帧 246/937
2025-05-18 21:08:51,855 - face_swap - INFO - 进度: 26.4% 处理帧 247/937
2025-05-18 21:08:51,889 - face_swap - INFO - 进度: 26.5% 处理帧 248/937
2025-05-18 21:08:51,989 - face_swap - INFO - 进度: 26.6% 处理帧 249/937
2025-05-18 21:08:52,033 - face_swap - INFO - 进度: 26.7% 处理帧 250/937
2025-05-18 21:08:52,102 - face_swap - INFO - 进度: 26.8% 处理帧 251/937
2025-05-18 21:08:52,220 - face_swap - INFO - 进度: 26.9% 处理帧 252/937
2025-05-18 21:08:52,702 - face_swap - INFO - 进度: 27.0% 处理帧 253/937
2025-05-18 21:08:52,880 - face_swap - INFO - 进度: 27.1% 处理帧 254/937
2025-05-18 21:08:53,288 - face_swap - INFO - 进度: 27.2% 处理帧 255/937
2025-05-18 21:08:53,714 - face_swap - INFO - 进度: 27.3% 处理帧 256/937
2025-05-18 21:08:53,975 - face_swap - INFO - 进度: 27.4% 处理帧 257/937
2025-05-18 21:08:54,300 - face_swap - INFO - 进度: 27.5% 处理帧 258/937
2025-05-18 21:08:54,797 - face_swap - INFO - 进度: 27.6% 处理帧 259/937
2025-05-18 21:08:54,853 - face_swap - INFO - 进度: 27.7% 处理帧 260/937
2025-05-18 21:08:55,547 - face_swap - INFO - 进度: 27.9% 处理帧 261/937
2025-05-18 21:08:55,672 - face_swap - INFO - 进度: 28.0% 处理帧 262/937
2025-05-18 21:08:56,288 - face_swap - INFO - 进度: 28.1% 处理帧 263/937
2025-05-18 21:08:56,480 - face_swap - INFO - 进度: 28.2% 处理帧 264/937
2025-05-18 21:08:57,088 - face_swap - INFO - 进度: 28.3% 处理帧 265/937
2025-05-18 21:08:57,358 - face_swap - INFO - 进度: 28.4% 处理帧 266/937
2025-05-18 21:08:57,598 - face_swap - INFO - 进度: 28.5% 处理帧 267/937
2025-05-18 21:08:57,697 - face_swap - INFO - 进度: 28.6% 处理帧 268/937
2025-05-18 21:08:58,151 - face_swap - INFO - 进度: 28.7% 处理帧 269/937
2025-05-18 21:08:58,290 - face_swap - INFO - 进度: 28.8% 处理帧 270/937
2025-05-18 21:08:58,563 - face_swap - INFO - 进度: 28.9% 处理帧 271/937
2025-05-18 21:08:59,088 - face_swap - INFO - 进度: 29.0% 处理帧 272/937
2025-05-18 21:08:59,332 - face_swap - INFO - 进度: 29.1% 处理帧 273/937
2025-05-18 21:08:59,631 - face_swap - INFO - 进度: 29.2% 处理帧 274/937
2025-05-18 21:09:00,138 - face_swap - INFO - 进度: 29.3% 处理帧 275/937
2025-05-18 21:09:00,413 - face_swap - INFO - 进度: 29.5% 处理帧 276/937
2025-05-18 21:09:00,619 - face_swap - INFO - 进度: 29.6% 处理帧 277/937
2025-05-18 21:09:00,979 - face_swap - INFO - 进度: 29.7% 处理帧 278/937
2025-05-18 21:09:01,463 - face_swap - INFO - 进度: 29.8% 处理帧 279/937
2025-05-18 21:09:01,859 - face_swap - INFO - 进度: 29.9% 处理帧 280/937
2025-05-18 21:09:02,174 - face_swap - INFO - 进度: 30.0% 处理帧 281/937
2025-05-18 21:09:02,461 - face_swap - INFO - 进度: 30.1% 处理帧 282/937
2025-05-18 21:09:03,279 - face_swap - INFO - 进度: 30.2% 处理帧 283/937
2025-05-18 21:09:03,450 - face_swap - INFO - 进度: 30.3% 处理帧 284/937
2025-05-18 21:09:03,826 - face_swap - INFO - 进度: 30.4% 处理帧 285/937
2025-05-18 21:09:04,258 - face_swap - INFO - 进度: 30.5% 处理帧 286/937
2025-05-18 21:09:04,694 - face_swap - INFO - 进度: 30.6% 处理帧 287/937
2025-05-18 21:09:04,702 - face_swap - INFO - 进度: 30.7% 处理帧 288/937
2025-05-18 21:09:05,242 - face_swap - INFO - 进度: 30.8% 处理帧 289/937
2025-05-18 21:09:05,514 - face_swap - INFO - 进度: 30.9% 处理帧 290/937
2025-05-18 21:09:05,951 - face_swap - INFO - 进度: 31.1% 处理帧 291/937
2025-05-18 21:09:06,405 - face_swap - INFO - 进度: 31.2% 处理帧 292/937
2025-05-18 21:09:06,785 - face_swap - INFO - 进度: 31.3% 处理帧 293/937
2025-05-18 21:09:07,216 - face_swap - INFO - 进度: 31.4% 处理帧 294/937
2025-05-18 21:09:07,632 - face_swap - INFO - 进度: 31.5% 处理帧 295/937
2025-05-18 21:09:08,060 - face_swap - INFO - 进度: 31.6% 处理帧 296/937
2025-05-18 21:09:08,206 - face_swap - INFO - 进度: 31.7% 处理帧 297/937
2025-05-18 21:09:08,991 - face_swap - INFO - 进度: 31.8% 处理帧 298/937
2025-05-18 21:09:09,173 - face_swap - INFO - 进度: 31.9% 处理帧 299/937
2025-05-18 21:09:09,824 - face_swap - INFO - 进度: 32.0% 处理帧 300/937
2025-05-18 21:09:10,013 - face_swap - INFO - 状态: 正在处理视频... 300/937 帧
2025-05-18 21:09:10,013 - face_swap - INFO - 处理进度: 300/937 (32.0%)
2025-05-18 21:09:10,256 - face_swap - INFO - 进度: 32.1% 处理帧 301/937
2025-05-18 21:09:10,575 - face_swap - INFO - 进度: 32.2% 处理帧 302/937
2025-05-18 21:09:10,803 - face_swap - INFO - 进度: 32.3% 处理帧 303/937
2025-05-18 21:09:11,299 - face_swap - INFO - 进度: 32.4% 处理帧 304/937
2025-05-18 21:09:11,446 - face_swap - INFO - 进度: 32.6% 处理帧 305/937
2025-05-18 21:09:12,064 - face_swap - INFO - 进度: 32.7% 处理帧 306/937
2025-05-18 21:09:12,327 - face_swap - INFO - 进度: 32.8% 处理帧 307/937
2025-05-18 21:09:12,612 - face_swap - INFO - 进度: 32.9% 处理帧 308/937
2025-05-18 21:09:13,064 - face_swap - INFO - 进度: 33.0% 处理帧 309/937
2025-05-18 21:09:13,401 - face_swap - INFO - 进度: 33.1% 处理帧 310/937
2025-05-18 21:09:13,570 - face_swap - INFO - 进度: 33.2% 处理帧 311/937
2025-05-18 21:09:14,181 - face_swap - INFO - 进度: 33.3% 处理帧 312/937
2025-05-18 21:09:14,384 - face_swap - INFO - 进度: 33.4% 处理帧 313/937
2025-05-18 21:09:14,856 - face_swap - INFO - 进度: 33.5% 处理帧 314/937
2025-05-18 21:09:15,299 - face_swap - INFO - 进度: 33.6% 处理帧 315/937
2025-05-18 21:09:16,004 - face_swap - INFO - 进度: 33.7% 处理帧 316/937
2025-05-18 21:09:16,450 - face_swap - INFO - 进度: 33.8% 处理帧 317/937
2025-05-18 21:09:16,624 - face_swap - INFO - 进度: 33.9% 处理帧 318/937
2025-05-18 21:09:16,885 - face_swap - INFO - 进度: 34.0% 处理帧 319/937
2025-05-18 21:09:17,645 - face_swap - INFO - 进度: 34.2% 处理帧 320/937
2025-05-18 21:09:17,797 - face_swap - INFO - 进度: 34.3% 处理帧 321/937
2025-05-18 21:09:18,688 - face_swap - INFO - 进度: 34.4% 处理帧 322/937
2025-05-18 21:09:19,049 - face_swap - INFO - 进度: 34.5% 处理帧 323/937
2025-05-18 21:09:19,362 - face_swap - INFO - 进度: 34.6% 处理帧 324/937
2025-05-18 21:09:19,633 - face_swap - INFO - 进度: 34.7% 处理帧 325/937
2025-05-18 21:09:20,100 - face_swap - INFO - 进度: 34.8% 处理帧 326/937
2025-05-18 21:09:20,229 - face_swap - INFO - 进度: 34.9% 处理帧 327/937
2025-05-18 21:09:20,540 - face_swap - INFO - 进度: 35.0% 处理帧 328/937
2025-05-18 21:09:20,838 - face_swap - INFO - 进度: 35.1% 处理帧 329/937
2025-05-18 21:09:20,994 - face_swap - INFO - 进度: 35.2% 处理帧 330/937
2025-05-18 21:09:21,371 - face_swap - INFO - 进度: 35.3% 处理帧 331/937
2025-05-18 21:09:21,701 - face_swap - INFO - 进度: 35.4% 处理帧 332/937
2025-05-18 21:09:22,237 - face_swap - INFO - 进度: 35.5% 处理帧 333/937
2025-05-18 21:09:22,344 - face_swap - INFO - 进度: 35.6% 处理帧 334/937
2025-05-18 21:09:22,768 - face_swap - INFO - 进度: 35.8% 处理帧 335/937
2025-05-18 21:09:23,176 - face_swap - INFO - 进度: 35.9% 处理帧 336/937
2025-05-18 21:09:23,490 - face_swap - INFO - 进度: 36.0% 处理帧 337/937
2025-05-18 21:09:23,662 - face_swap - INFO - 进度: 36.1% 处理帧 338/937
2025-05-18 21:09:24,140 - face_swap - INFO - 进度: 36.2% 处理帧 339/937
2025-05-18 21:09:24,445 - face_swap - INFO - 进度: 36.3% 处理帧 340/937
2025-05-18 21:09:24,681 - face_swap - INFO - 进度: 36.4% 处理帧 341/937
2025-05-18 21:09:25,142 - face_swap - INFO - 进度: 36.5% 处理帧 342/937
2025-05-18 21:09:25,481 - face_swap - INFO - 进度: 36.6% 处理帧 343/937
2025-05-18 21:09:26,046 - face_swap - INFO - 进度: 36.7% 处理帧 344/937
2025-05-18 21:09:26,144 - face_swap - INFO - 进度: 36.8% 处理帧 345/937
2025-05-18 21:09:26,727 - face_swap - INFO - 进度: 36.9% 处理帧 346/937
2025-05-18 21:09:27,418 - face_swap - INFO - 进度: 37.0% 处理帧 347/937
2025-05-18 21:09:27,654 - face_swap - INFO - 进度: 37.1% 处理帧 348/937
2025-05-18 21:09:28,077 - face_swap - INFO - 进度: 37.2% 处理帧 349/937
2025-05-18 21:09:28,281 - face_swap - INFO - 进度: 37.4% 处理帧 350/937
2025-05-18 21:09:28,892 - face_swap - INFO - 进度: 37.5% 处理帧 351/937
2025-05-18 21:09:29,096 - face_swap - INFO - 进度: 37.6% 处理帧 352/937
2025-05-18 21:09:29,850 - face_swap - INFO - 进度: 37.7% 处理帧 353/937
2025-05-18 21:09:29,921 - face_swap - INFO - 进度: 37.8% 处理帧 354/937
2025-05-18 21:09:30,519 - face_swap - INFO - 进度: 37.9% 处理帧 355/937
2025-05-18 21:09:30,950 - face_swap - INFO - 进度: 38.0% 处理帧 356/937
2025-05-18 21:09:31,042 - face_swap - INFO - 进度: 38.1% 处理帧 357/937
2025-05-18 21:09:31,361 - face_swap - INFO - 进度: 38.2% 处理帧 358/937
2025-05-18 21:09:31,670 - face_swap - INFO - 进度: 38.3% 处理帧 359/937
2025-05-18 21:09:32,040 - face_swap - INFO - 进度: 38.4% 处理帧 360/937
2025-05-18 21:09:32,183 - face_swap - INFO - 进度: 38.5% 处理帧 361/937
2025-05-18 21:09:32,619 - face_swap - INFO - 进度: 38.6% 处理帧 362/937
2025-05-18 21:09:33,023 - face_swap - INFO - 进度: 38.7% 处理帧 363/937
2025-05-18 21:09:33,165 - face_swap - INFO - 进度: 38.8% 处理帧 364/937
2025-05-18 21:09:33,622 - face_swap - INFO - 进度: 39.0% 处理帧 365/937
2025-05-18 21:09:33,973 - face_swap - INFO - 进度: 39.1% 处理帧 366/937
2025-05-18 21:09:34,017 - face_swap - INFO - 进度: 39.2% 处理帧 367/937
2025-05-18 21:09:36,795 - face_swap - ERROR - 颜色平衡调整出错: OpenCV(4.11.0) D:\a\opencv-python\opencv-python\opencv\modules\imgproc\src\smooth.dispatch.cpp:294: error: (-215:Assertion failed) ksize.width > 0 && ksize.width % 2 == 1 && ksize.height > 0 && ksize.height % 2 == 1 in function 'cv::createGaussianKernels'

2025-05-18 21:09:36,862 - face_swap - INFO - 进度: 39.3% 处理帧 368/937
2025-05-18 21:09:37,093 - face_swap - ERROR - 颜色平衡调整出错: OpenCV(4.11.0) D:\a\opencv-python\opencv-python\opencv\modules\imgproc\src\smooth.dispatch.cpp:294: error: (-215:Assertion failed) ksize.width > 0 && ksize.width % 2 == 1 && ksize.height > 0 && ksize.height % 2 == 1 in function 'cv::createGaussianKernels'

2025-05-18 21:09:37,184 - face_swap - INFO - 进度: 39.4% 处理帧 369/937
2025-05-18 21:09:40,222 - face_swap - ERROR - 颜色平衡调整出错: OpenCV(4.11.0) D:\a\opencv-python\opencv-python\opencv\modules\imgproc\src\smooth.dispatch.cpp:294: error: (-215:Assertion failed) ksize.width > 0 && ksize.width % 2 == 1 && ksize.height > 0 && ksize.height % 2 == 1 in function 'cv::createGaussianKernels'

2025-05-18 21:09:40,272 - face_swap - INFO - 进度: 39.5% 处理帧 370/937
2025-05-18 21:09:40,673 - face_swap - INFO - 进度: 39.6% 处理帧 371/937
2025-05-18 21:09:40,778 - face_swap - INFO - 进度: 39.7% 处理帧 372/937
2025-05-18 21:09:40,899 - face_swap - INFO - 进度: 39.8% 处理帧 373/937
2025-05-18 21:09:40,986 - face_swap - INFO - 进度: 39.9% 处理帧 374/937
2025-05-18 21:09:41,049 - face_swap - ERROR - 颜色平衡调整出错: OpenCV(4.11.0) D:\a\opencv-python\opencv-python\opencv\modules\imgproc\src\smooth.dispatch.cpp:294: error: (-215:Assertion failed) ksize.width > 0 && ksize.width % 2 == 1 && ksize.height > 0 && ksize.height % 2 == 1 in function 'cv::createGaussianKernels'

2025-05-18 21:09:41,206 - face_swap - INFO - 进度: 40.0% 处理帧 375/937
2025-05-18 21:09:41,290 - face_swap - INFO - 进度: 40.1% 处理帧 376/937
2025-05-18 21:09:41,300 - face_swap - INFO - 进度: 40.2% 处理帧 377/937
2025-05-18 21:09:41,309 - face_swap - INFO - 进度: 40.3% 处理帧 378/937
2025-05-18 21:09:41,364 - face_swap - INFO - 进度: 40.4% 处理帧 379/937
2025-05-18 21:09:41,405 - face_swap - INFO - 进度: 40.6% 处理帧 380/937
2025-05-18 21:09:41,488 - face_swap - INFO - 进度: 40.7% 处理帧 381/937
2025-05-18 21:09:41,525 - face_swap - INFO - 进度: 40.8% 处理帧 382/937
2025-05-18 21:09:41,627 - face_swap - INFO - 进度: 40.9% 处理帧 383/937
2025-05-18 21:09:41,657 - face_swap - INFO - 进度: 41.0% 处理帧 384/937
2025-05-18 21:09:41,747 - face_swap - INFO - 进度: 41.1% 处理帧 385/937
2025-05-18 21:09:41,781 - face_swap - INFO - 进度: 41.2% 处理帧 386/937
2025-05-18 21:09:41,876 - face_swap - INFO - 进度: 41.3% 处理帧 387/937
2025-05-18 21:09:41,906 - face_swap - INFO - 进度: 41.4% 处理帧 388/937
2025-05-18 21:09:42,002 - face_swap - INFO - 进度: 41.5% 处理帧 389/937
2025-05-18 21:09:42,037 - face_swap - INFO - 进度: 41.6% 处理帧 390/937
2025-05-18 21:09:42,114 - face_swap - INFO - 进度: 41.7% 处理帧 391/937
2025-05-18 21:09:42,172 - face_swap - INFO - 进度: 41.8% 处理帧 392/937
2025-05-18 21:09:42,249 - face_swap - INFO - 进度: 41.9% 处理帧 393/937
2025-05-18 21:09:42,307 - face_swap - INFO - 进度: 42.0% 处理帧 394/937
2025-05-18 21:09:42,399 - face_swap - INFO - 进度: 42.2% 处理帧 395/937
2025-05-18 21:09:42,434 - face_swap - INFO - 进度: 42.3% 处理帧 396/937
2025-05-18 21:09:42,528 - face_swap - INFO - 进度: 42.4% 处理帧 397/937
2025-05-18 21:09:42,566 - face_swap - INFO - 进度: 42.5% 处理帧 398/937
2025-05-18 21:09:42,655 - face_swap - INFO - 进度: 42.6% 处理帧 399/937
2025-05-18 21:09:42,694 - face_swap - INFO - 进度: 42.7% 处理帧 400/937
2025-05-18 21:09:42,695 - face_swap - INFO - 状态: 正在处理视频... 400/937 帧
2025-05-18 21:09:42,695 - face_swap - INFO - 处理进度: 400/937 (42.7%)
2025-05-18 21:09:42,774 - face_swap - INFO - 进度: 42.8% 处理帧 401/937
2025-05-18 21:09:42,810 - face_swap - INFO - 进度: 42.9% 处理帧 402/937
2025-05-18 21:09:42,901 - face_swap - INFO - 进度: 43.0% 处理帧 403/937
2025-05-18 21:09:42,940 - face_swap - INFO - 进度: 43.1% 处理帧 404/937
2025-05-18 21:09:43,040 - face_swap - INFO - 进度: 43.2% 处理帧 405/937
2025-05-18 21:09:43,077 - face_swap - INFO - 进度: 43.3% 处理帧 406/937
2025-05-18 21:09:43,167 - face_swap - INFO - 进度: 43.4% 处理帧 407/937
2025-05-18 21:09:43,201 - face_swap - INFO - 进度: 43.5% 处理帧 408/937
2025-05-18 21:09:43,293 - face_swap - INFO - 进度: 43.6% 处理帧 409/937
2025-05-18 21:09:43,329 - face_swap - INFO - 进度: 43.8% 处理帧 410/937
2025-05-18 21:09:43,413 - face_swap - INFO - 进度: 43.9% 处理帧 411/937
2025-05-18 21:09:43,451 - face_swap - INFO - 进度: 44.0% 处理帧 412/937
2025-05-18 21:09:43,540 - face_swap - INFO - 进度: 44.1% 处理帧 413/937
2025-05-18 21:09:43,571 - face_swap - INFO - 进度: 44.2% 处理帧 414/937
2025-05-18 21:09:43,667 - face_swap - INFO - 进度: 44.3% 处理帧 415/937
2025-05-18 21:09:43,703 - face_swap - INFO - 进度: 44.4% 处理帧 416/937
2025-05-18 21:09:43,769 - face_swap - INFO - 进度: 44.5% 处理帧 417/937
2025-05-18 21:09:43,834 - face_swap - INFO - 进度: 44.6% 处理帧 418/937
2025-05-18 21:09:43,902 - face_swap - INFO - 进度: 44.7% 处理帧 419/937
2025-05-18 21:09:43,973 - face_swap - INFO - 进度: 44.8% 处理帧 420/937
2025-05-18 21:09:44,054 - face_swap - INFO - 进度: 44.9% 处理帧 421/937
2025-05-18 21:09:44,090 - face_swap - INFO - 进度: 45.0% 处理帧 422/937
2025-05-18 21:09:44,188 - face_swap - INFO - 进度: 45.1% 处理帧 423/937
2025-05-18 21:09:44,231 - face_swap - INFO - 进度: 45.3% 处理帧 424/937
2025-05-18 21:09:44,312 - face_swap - INFO - 进度: 45.4% 处理帧 425/937
2025-05-18 21:09:44,353 - face_swap - INFO - 进度: 45.5% 处理帧 426/937
2025-05-18 21:09:44,435 - face_swap - INFO - 进度: 45.6% 处理帧 427/937
2025-05-18 21:09:44,469 - face_swap - INFO - 进度: 45.7% 处理帧 428/937
2025-05-18 21:09:44,557 - face_swap - INFO - 进度: 45.8% 处理帧 429/937
2025-05-18 21:09:44,602 - face_swap - INFO - 进度: 45.9% 处理帧 430/937
2025-05-18 21:09:44,686 - face_swap - INFO - 进度: 46.0% 处理帧 431/937
2025-05-18 21:09:44,725 - face_swap - INFO - 进度: 46.1% 处理帧 432/937
2025-05-18 21:09:44,813 - face_swap - INFO - 进度: 46.2% 处理帧 433/937
2025-05-18 21:09:44,847 - face_swap - INFO - 进度: 46.3% 处理帧 434/937
2025-05-18 21:09:44,964 - face_swap - INFO - 进度: 46.4% 处理帧 435/937
2025-05-18 21:09:44,972 - face_swap - INFO - 进度: 46.5% 处理帧 436/937
2025-05-18 21:09:45,058 - face_swap - INFO - 进度: 46.6% 处理帧 437/937
2025-05-18 21:09:45,098 - face_swap - INFO - 进度: 46.7% 处理帧 438/937
2025-05-18 21:09:45,187 - face_swap - INFO - 进度: 46.9% 处理帧 439/937
2025-05-18 21:09:45,220 - face_swap - INFO - 进度: 47.0% 处理帧 440/937
2025-05-18 21:09:45,308 - face_swap - INFO - 进度: 47.1% 处理帧 441/937
2025-05-18 21:09:45,350 - face_swap - INFO - 进度: 47.2% 处理帧 442/937
2025-05-18 21:09:45,428 - face_swap - INFO - 进度: 47.3% 处理帧 443/937
2025-05-18 21:09:45,469 - face_swap - INFO - 进度: 47.4% 处理帧 444/937
2025-05-18 21:09:45,548 - face_swap - INFO - 进度: 47.5% 处理帧 445/937
2025-05-18 21:09:45,584 - face_swap - INFO - 进度: 47.6% 处理帧 446/937
2025-05-18 21:09:45,670 - face_swap - INFO - 进度: 47.7% 处理帧 447/937
2025-05-18 21:09:45,709 - face_swap - INFO - 进度: 47.8% 处理帧 448/937
2025-05-18 21:09:45,791 - face_swap - INFO - 进度: 47.9% 处理帧 449/937
2025-05-18 21:09:45,833 - face_swap - INFO - 进度: 48.0% 处理帧 450/937
2025-05-18 21:09:45,910 - face_swap - INFO - 进度: 48.1% 处理帧 451/937
2025-05-18 21:09:45,945 - face_swap - INFO - 进度: 48.2% 处理帧 452/937
2025-05-18 21:09:46,031 - face_swap - INFO - 进度: 48.3% 处理帧 453/937
2025-05-18 21:09:46,076 - face_swap - INFO - 进度: 48.5% 处理帧 454/937
2025-05-18 21:09:46,153 - face_swap - INFO - 进度: 48.6% 处理帧 455/937
2025-05-18 21:09:46,195 - face_swap - INFO - 进度: 48.7% 处理帧 456/937
2025-05-18 21:09:46,284 - face_swap - INFO - 进度: 48.8% 处理帧 457/937
2025-05-18 21:09:46,322 - face_swap - INFO - 进度: 48.9% 处理帧 458/937
2025-05-18 21:09:46,399 - face_swap - INFO - 进度: 49.0% 处理帧 459/937
2025-05-18 21:09:46,439 - face_swap - INFO - 进度: 49.1% 处理帧 460/937
2025-05-18 21:09:46,518 - face_swap - INFO - 进度: 49.2% 处理帧 461/937
2025-05-18 21:09:46,554 - face_swap - INFO - 进度: 49.3% 处理帧 462/937
2025-05-18 21:09:46,639 - face_swap - INFO - 进度: 49.4% 处理帧 463/937
2025-05-18 21:09:46,675 - face_swap - INFO - 进度: 49.5% 处理帧 464/937
2025-05-18 21:09:46,757 - face_swap - INFO - 进度: 49.6% 处理帧 465/937
2025-05-18 21:09:46,795 - face_swap - INFO - 进度: 49.7% 处理帧 466/937
2025-05-18 21:09:46,884 - face_swap - INFO - 进度: 49.8% 处理帧 467/937
2025-05-18 21:09:46,921 - face_swap - INFO - 进度: 49.9% 处理帧 468/937
2025-05-18 21:09:47,007 - face_swap - INFO - 进度: 50.1% 处理帧 469/937
2025-05-18 21:09:47,046 - face_swap - INFO - 进度: 50.2% 处理帧 470/937
2025-05-18 21:09:47,128 - face_swap - INFO - 进度: 50.3% 处理帧 471/937
2025-05-18 21:09:47,159 - face_swap - INFO - 进度: 50.4% 处理帧 472/937
2025-05-18 21:09:47,260 - face_swap - INFO - 进度: 50.5% 处理帧 473/937
2025-05-18 21:09:47,295 - face_swap - INFO - 进度: 50.6% 处理帧 474/937
2025-05-18 21:09:47,362 - face_swap - INFO - 进度: 50.7% 处理帧 475/937
2025-05-18 21:09:47,426 - face_swap - INFO - 进度: 50.8% 处理帧 476/937
2025-05-18 21:09:47,512 - face_swap - INFO - 进度: 50.9% 处理帧 477/937
2025-05-18 21:09:47,549 - face_swap - INFO - 进度: 51.0% 处理帧 478/937
2025-05-18 21:09:47,634 - face_swap - INFO - 进度: 51.1% 处理帧 479/937
2025-05-18 21:09:47,675 - face_swap - INFO - 进度: 51.2% 处理帧 480/937
2025-05-18 21:09:47,762 - face_swap - INFO - 进度: 51.3% 处理帧 481/937
2025-05-18 21:09:47,802 - face_swap - INFO - 进度: 51.4% 处理帧 482/937
2025-05-18 21:09:47,891 - face_swap - INFO - 进度: 51.5% 处理帧 483/937
2025-05-18 21:09:47,924 - face_swap - INFO - 进度: 51.7% 处理帧 484/937
2025-05-18 21:09:48,015 - face_swap - INFO - 进度: 51.8% 处理帧 485/937
2025-05-18 21:09:48,051 - face_swap - INFO - 进度: 51.9% 处理帧 486/937
2025-05-18 21:09:48,138 - face_swap - INFO - 进度: 52.0% 处理帧 487/937
2025-05-18 21:09:48,170 - face_swap - INFO - 进度: 52.1% 处理帧 488/937
2025-05-18 21:09:48,260 - face_swap - INFO - 进度: 52.2% 处理帧 489/937
2025-05-18 21:09:48,297 - face_swap - INFO - 进度: 52.3% 处理帧 490/937
2025-05-18 21:09:48,386 - face_swap - INFO - 进度: 52.4% 处理帧 491/937
2025-05-18 21:09:48,421 - face_swap - INFO - 进度: 52.5% 处理帧 492/937
2025-05-18 21:09:48,508 - face_swap - INFO - 进度: 52.6% 处理帧 493/937
2025-05-18 21:09:48,547 - face_swap - INFO - 进度: 52.7% 处理帧 494/937
2025-05-18 21:09:48,631 - face_swap - INFO - 进度: 52.8% 处理帧 495/937
2025-05-18 21:09:48,671 - face_swap - INFO - 进度: 52.9% 处理帧 496/937
2025-05-18 21:09:48,758 - face_swap - INFO - 进度: 53.0% 处理帧 497/937
2025-05-18 21:09:48,793 - face_swap - INFO - 进度: 53.1% 处理帧 498/937
2025-05-18 21:09:48,884 - face_swap - INFO - 进度: 53.3% 处理帧 499/937
2025-05-18 21:09:48,922 - face_swap - INFO - 进度: 53.4% 处理帧 500/937
2025-05-18 21:09:48,923 - face_swap - INFO - 状态: 正在处理视频... 500/937 帧
2025-05-18 21:09:48,923 - face_swap - INFO - 处理进度: 500/937 (53.4%)
2025-05-18 21:09:49,007 - face_swap - INFO - 进度: 53.5% 处理帧 501/937
2025-05-18 21:09:49,049 - face_swap - INFO - 进度: 53.6% 处理帧 502/937
2025-05-18 21:09:49,133 - face_swap - INFO - 进度: 53.7% 处理帧 503/937
2025-05-18 21:09:49,169 - face_swap - INFO - 进度: 53.8% 处理帧 504/937
2025-05-18 21:09:49,263 - face_swap - INFO - 进度: 53.9% 处理帧 505/937
2025-05-18 21:09:49,303 - face_swap - INFO - 进度: 54.0% 处理帧 506/937
2025-05-18 21:09:49,417 - face_swap - INFO - 进度: 54.1% 处理帧 507/937
2025-05-18 21:09:49,425 - face_swap - INFO - 进度: 54.2% 处理帧 508/937
2025-05-18 21:09:49,478 - face_swap - INFO - 进度: 54.3% 处理帧 509/937
2025-05-18 21:09:49,545 - face_swap - INFO - 进度: 54.4% 处理帧 510/937
2025-05-18 21:09:49,621 - face_swap - INFO - 进度: 54.5% 处理帧 511/937
2025-05-18 21:09:49,656 - face_swap - INFO - 进度: 54.6% 处理帧 512/937
2025-05-18 21:09:49,752 - face_swap - INFO - 进度: 54.7% 处理帧 513/937
2025-05-18 21:09:49,783 - face_swap - INFO - 进度: 54.9% 处理帧 514/937
2025-05-18 21:09:49,868 - face_swap - INFO - 进度: 55.0% 处理帧 515/937
2025-05-18 21:09:49,905 - face_swap - INFO - 进度: 55.1% 处理帧 516/937
2025-05-18 21:09:50,048 - face_swap - INFO - 进度: 55.2% 处理帧 517/937
2025-05-18 21:09:50,110 - face_swap - INFO - 进度: 55.3% 处理帧 518/937
2025-05-18 21:09:50,243 - face_swap - INFO - 进度: 55.4% 处理帧 519/937
2025-05-18 21:09:50,317 - face_swap - INFO - 进度: 55.5% 处理帧 520/937
2025-05-18 21:09:50,381 - face_swap - INFO - 进度: 55.6% 处理帧 521/937
2025-05-18 21:09:50,439 - face_swap - INFO - 进度: 55.7% 处理帧 522/937
2025-05-18 21:09:50,528 - face_swap - INFO - 进度: 55.8% 处理帧 523/937
2025-05-18 21:09:50,562 - face_swap - INFO - 进度: 55.9% 处理帧 524/937
2025-05-18 21:09:50,649 - face_swap - INFO - 进度: 56.0% 处理帧 525/937
2025-05-18 21:09:50,690 - face_swap - INFO - 进度: 56.1% 处理帧 526/937
2025-05-18 21:09:50,759 - face_swap - INFO - 进度: 56.2% 处理帧 527/937
2025-05-18 21:09:50,828 - face_swap - INFO - 进度: 56.4% 处理帧 528/937
2025-05-18 21:09:50,911 - face_swap - INFO - 进度: 56.5% 处理帧 529/937
2025-05-18 21:09:50,950 - face_swap - INFO - 进度: 56.6% 处理帧 530/937
2025-05-18 21:09:51,056 - face_swap - INFO - 进度: 56.7% 处理帧 531/937
2025-05-18 21:09:51,107 - face_swap - INFO - 进度: 56.8% 处理帧 532/937
2025-05-18 21:09:51,182 - face_swap - INFO - 进度: 56.9% 处理帧 533/937
2025-05-18 21:09:51,248 - face_swap - INFO - 进度: 57.0% 处理帧 534/937
2025-05-18 21:09:51,324 - face_swap - INFO - 进度: 57.1% 处理帧 535/937
2025-05-18 21:09:51,392 - face_swap - INFO - 进度: 57.2% 处理帧 536/937
2025-05-18 21:09:51,492 - face_swap - INFO - 进度: 57.3% 处理帧 537/937
2025-05-18 21:09:51,534 - face_swap - INFO - 进度: 57.4% 处理帧 538/937
2025-05-18 21:09:51,618 - face_swap - INFO - 进度: 57.5% 处理帧 539/937
2025-05-18 21:09:51,665 - face_swap - INFO - 进度: 57.6% 处理帧 540/937
2025-05-18 21:09:51,765 - face_swap - INFO - 进度: 57.7% 处理帧 541/937
2025-05-18 21:09:51,809 - face_swap - INFO - 进度: 57.8% 处理帧 542/937
2025-05-18 21:09:51,868 - face_swap - INFO - 进度: 58.0% 处理帧 543/937
2025-05-18 21:09:51,931 - face_swap - INFO - 进度: 58.1% 处理帧 544/937
2025-05-18 21:09:52,021 - face_swap - INFO - 进度: 58.2% 处理帧 545/937
2025-05-18 21:09:52,059 - face_swap - INFO - 进度: 58.3% 处理帧 546/937
2025-05-18 21:09:52,139 - face_swap - INFO - 进度: 58.4% 处理帧 547/937
2025-05-18 21:09:52,175 - face_swap - INFO - 进度: 58.5% 处理帧 548/937
2025-05-18 21:09:52,264 - face_swap - INFO - 进度: 58.6% 处理帧 549/937
2025-05-18 21:09:52,298 - face_swap - INFO - 进度: 58.7% 处理帧 550/937
2025-05-18 21:09:52,385 - face_swap - INFO - 进度: 58.8% 处理帧 551/937
2025-05-18 21:09:52,428 - face_swap - INFO - 进度: 58.9% 处理帧 552/937
2025-05-18 21:09:52,517 - face_swap - INFO - 进度: 59.0% 处理帧 553/937
2025-05-18 21:09:52,564 - face_swap - INFO - 进度: 59.1% 处理帧 554/937
2025-05-18 21:09:52,653 - face_swap - INFO - 进度: 59.2% 处理帧 555/937
2025-05-18 21:09:52,702 - face_swap - INFO - 进度: 59.3% 处理帧 556/937
2025-05-18 21:09:52,779 - face_swap - INFO - 进度: 59.4% 处理帧 557/937
2025-05-18 21:09:52,867 - face_swap - INFO - 进度: 59.6% 处理帧 558/937
2025-05-18 21:09:52,954 - face_swap - INFO - 进度: 59.7% 处理帧 559/937
2025-05-18 21:09:53,006 - face_swap - INFO - 进度: 59.8% 处理帧 560/937
2025-05-18 21:09:53,116 - face_swap - INFO - 进度: 59.9% 处理帧 561/937
2025-05-18 21:09:53,162 - face_swap - INFO - 进度: 60.0% 处理帧 562/937
2025-05-18 21:09:53,250 - face_swap - INFO - 进度: 60.1% 处理帧 563/937
2025-05-18 21:09:53,291 - face_swap - INFO - 进度: 60.2% 处理帧 564/937
2025-05-18 21:09:53,383 - face_swap - INFO - 进度: 60.3% 处理帧 565/937
2025-05-18 21:09:53,426 - face_swap - INFO - 进度: 60.4% 处理帧 566/937
2025-05-18 21:09:53,513 - face_swap - INFO - 进度: 60.5% 处理帧 567/937
2025-05-18 21:09:53,555 - face_swap - INFO - 进度: 60.6% 处理帧 568/937
2025-05-18 21:09:53,660 - face_swap - INFO - 进度: 60.7% 处理帧 569/937
2025-05-18 21:09:53,705 - face_swap - INFO - 进度: 60.8% 处理帧 570/937
2025-05-18 21:09:53,793 - face_swap - INFO - 进度: 60.9% 处理帧 571/937
2025-05-18 21:09:53,834 - face_swap - INFO - 进度: 61.0% 处理帧 572/937
2025-05-18 21:09:53,914 - face_swap - INFO - 进度: 61.2% 处理帧 573/937
2025-05-18 21:09:53,954 - face_swap - INFO - 进度: 61.3% 处理帧 574/937
2025-05-18 21:09:54,044 - face_swap - INFO - 进度: 61.4% 处理帧 575/937
2025-05-18 21:09:54,081 - face_swap - INFO - 进度: 61.5% 处理帧 576/937
2025-05-18 21:09:54,167 - face_swap - INFO - 进度: 61.6% 处理帧 577/937
2025-05-18 21:09:54,203 - face_swap - INFO - 进度: 61.7% 处理帧 578/937
2025-05-18 21:09:54,291 - face_swap - INFO - 进度: 61.8% 处理帧 579/937
2025-05-18 21:09:54,326 - face_swap - INFO - 进度: 61.9% 处理帧 580/937
2025-05-18 21:09:54,415 - face_swap - INFO - 进度: 62.0% 处理帧 581/937
2025-05-18 21:09:54,449 - face_swap - INFO - 进度: 62.1% 处理帧 582/937
2025-05-18 21:09:54,517 - face_swap - INFO - 进度: 62.2% 处理帧 583/937
2025-05-18 21:09:54,590 - face_swap - INFO - 进度: 62.3% 处理帧 584/937
2025-05-18 21:09:54,672 - face_swap - INFO - 进度: 62.4% 处理帧 585/937
2025-05-18 21:09:54,706 - face_swap - INFO - 进度: 62.5% 处理帧 586/937
2025-05-18 21:09:54,795 - face_swap - INFO - 进度: 62.6% 处理帧 587/937
2025-05-18 21:09:54,836 - face_swap - INFO - 进度: 62.8% 处理帧 588/937
2025-05-18 21:09:54,923 - face_swap - INFO - 进度: 62.9% 处理帧 589/937
2025-05-18 21:09:54,961 - face_swap - INFO - 进度: 63.0% 处理帧 590/937
2025-05-18 21:09:55,046 - face_swap - INFO - 进度: 63.1% 处理帧 591/937
2025-05-18 21:09:55,087 - face_swap - INFO - 进度: 63.2% 处理帧 592/937
2025-05-18 21:09:55,169 - face_swap - INFO - 进度: 63.3% 处理帧 593/937
2025-05-18 21:09:55,207 - face_swap - INFO - 进度: 63.4% 处理帧 594/937
2025-05-18 21:09:55,289 - face_swap - INFO - 进度: 63.5% 处理帧 595/937
2025-05-18 21:09:55,326 - face_swap - INFO - 进度: 63.6% 处理帧 596/937
2025-05-18 21:09:55,418 - face_swap - INFO - 进度: 63.7% 处理帧 597/937
2025-05-18 21:09:55,457 - face_swap - INFO - 进度: 63.8% 处理帧 598/937
2025-05-18 21:09:55,546 - face_swap - INFO - 进度: 63.9% 处理帧 599/937
2025-05-18 21:09:55,590 - face_swap - INFO - 进度: 64.0% 处理帧 600/937
2025-05-18 21:09:55,590 - face_swap - INFO - 状态: 正在处理视频... 600/937 帧
2025-05-18 21:09:55,591 - face_swap - INFO - 处理进度: 600/937 (64.0%)
2025-05-18 21:09:55,670 - face_swap - INFO - 进度: 64.1% 处理帧 601/937
2025-05-18 21:09:55,714 - face_swap - INFO - 进度: 64.2% 处理帧 602/937
2025-05-18 21:09:55,802 - face_swap - INFO - 进度: 64.4% 处理帧 603/937
2025-05-18 21:09:55,850 - face_swap - INFO - 进度: 64.5% 处理帧 604/937
2025-05-18 21:09:55,930 - face_swap - INFO - 进度: 64.6% 处理帧 605/937
2025-05-18 21:09:55,970 - face_swap - INFO - 进度: 64.7% 处理帧 606/937
2025-05-18 21:09:56,050 - face_swap - INFO - 进度: 64.8% 处理帧 607/937
2025-05-18 21:09:56,090 - face_swap - INFO - 进度: 64.9% 处理帧 608/937
2025-05-18 21:09:56,180 - face_swap - INFO - 进度: 65.0% 处理帧 609/937
2025-05-18 21:09:56,219 - face_swap - INFO - 进度: 65.1% 处理帧 610/937
2025-05-18 21:09:56,302 - face_swap - INFO - 进度: 65.2% 处理帧 611/937
2025-05-18 21:09:56,347 - face_swap - INFO - 进度: 65.3% 处理帧 612/937
2025-05-18 21:09:56,431 - face_swap - INFO - 进度: 65.4% 处理帧 613/937
2025-05-18 21:09:56,468 - face_swap - INFO - 进度: 65.5% 处理帧 614/937
2025-05-18 21:09:56,558 - face_swap - INFO - 进度: 65.6% 处理帧 615/937
2025-05-18 21:09:56,592 - face_swap - INFO - 进度: 65.7% 处理帧 616/937
2025-05-18 21:09:56,673 - face_swap - INFO - 进度: 65.8% 处理帧 617/937
2025-05-18 21:09:56,715 - face_swap - INFO - 进度: 66.0% 处理帧 618/937
2025-05-18 21:09:56,799 - face_swap - INFO - 进度: 66.1% 处理帧 619/937
2025-05-18 21:09:56,840 - face_swap - INFO - 进度: 66.2% 处理帧 620/937
2025-05-18 21:09:56,940 - face_swap - INFO - 进度: 66.3% 处理帧 621/937
2025-05-18 21:09:56,981 - face_swap - INFO - 进度: 66.4% 处理帧 622/937
2025-05-18 21:09:57,062 - face_swap - INFO - 进度: 66.5% 处理帧 623/937
2025-05-18 21:09:57,097 - face_swap - INFO - 进度: 66.6% 处理帧 624/937
2025-05-18 21:09:57,189 - face_swap - INFO - 进度: 66.7% 处理帧 625/937
2025-05-18 21:09:57,234 - face_swap - INFO - 进度: 66.8% 处理帧 626/937
2025-05-18 21:09:57,317 - face_swap - INFO - 进度: 66.9% 处理帧 627/937
2025-05-18 21:09:57,350 - face_swap - INFO - 进度: 67.0% 处理帧 628/937
2025-05-18 21:09:57,434 - face_swap - INFO - 进度: 67.1% 处理帧 629/937
2025-05-18 21:09:57,474 - face_swap - INFO - 进度: 67.2% 处理帧 630/937
2025-05-18 21:09:57,562 - face_swap - INFO - 进度: 67.3% 处理帧 631/937
2025-05-18 21:09:57,593 - face_swap - INFO - 进度: 67.4% 处理帧 632/937
2025-05-18 21:09:57,683 - face_swap - INFO - 进度: 67.6% 处理帧 633/937
2025-05-18 21:09:57,724 - face_swap - INFO - 进度: 67.7% 处理帧 634/937
2025-05-18 21:09:57,804 - face_swap - INFO - 进度: 67.8% 处理帧 635/937
2025-05-18 21:09:57,840 - face_swap - INFO - 进度: 67.9% 处理帧 636/937
2025-05-18 21:09:57,927 - face_swap - INFO - 进度: 68.0% 处理帧 637/937
2025-05-18 21:09:57,974 - face_swap - INFO - 进度: 68.1% 处理帧 638/937
2025-05-18 21:09:58,053 - face_swap - INFO - 进度: 68.2% 处理帧 639/937
2025-05-18 21:09:58,087 - face_swap - INFO - 进度: 68.3% 处理帧 640/937
2025-05-18 21:09:58,173 - face_swap - INFO - 进度: 68.4% 处理帧 641/937
2025-05-18 21:09:58,209 - face_swap - INFO - 进度: 68.5% 处理帧 642/937
2025-05-18 21:09:58,295 - face_swap - INFO - 进度: 68.6% 处理帧 643/937
2025-05-18 21:09:58,328 - face_swap - INFO - 进度: 68.7% 处理帧 644/937
2025-05-18 21:09:58,397 - face_swap - INFO - 进度: 68.8% 处理帧 645/937
2025-05-18 21:09:58,468 - face_swap - INFO - 进度: 68.9% 处理帧 646/937
2025-05-18 21:09:58,536 - face_swap - INFO - 进度: 69.1% 处理帧 647/937
2025-05-18 21:09:58,600 - face_swap - INFO - 进度: 69.2% 处理帧 648/937
2025-05-18 21:09:58,690 - face_swap - INFO - 进度: 69.3% 处理帧 649/937
2025-05-18 21:09:58,731 - face_swap - INFO - 进度: 69.4% 处理帧 650/937
2025-05-18 21:09:58,811 - face_swap - INFO - 进度: 69.5% 处理帧 651/937
2025-05-18 21:09:58,841 - face_swap - INFO - 进度: 69.6% 处理帧 652/937
2025-05-18 21:09:58,929 - face_swap - INFO - 进度: 69.7% 处理帧 653/937
2025-05-18 21:09:58,975 - face_swap - INFO - 进度: 69.8% 处理帧 654/937
2025-05-18 21:09:59,051 - face_swap - INFO - 进度: 69.9% 处理帧 655/937
2025-05-18 21:09:59,081 - face_swap - INFO - 进度: 70.0% 处理帧 656/937
2025-05-18 21:09:59,162 - face_swap - INFO - 进度: 70.1% 处理帧 657/937
2025-05-18 21:09:59,197 - face_swap - INFO - 进度: 70.2% 处理帧 658/937
2025-05-18 21:09:59,278 - face_swap - INFO - 进度: 70.3% 处理帧 659/937
2025-05-18 21:09:59,311 - face_swap - INFO - 进度: 70.4% 处理帧 660/937
2025-05-18 21:09:59,403 - face_swap - INFO - 进度: 70.5% 处理帧 661/937
2025-05-18 21:09:59,440 - face_swap - INFO - 进度: 70.7% 处理帧 662/937
2025-05-18 21:09:59,525 - face_swap - INFO - 进度: 70.8% 处理帧 663/937
2025-05-18 21:09:59,559 - face_swap - INFO - 进度: 70.9% 处理帧 664/937
2025-05-18 21:09:59,653 - face_swap - INFO - 进度: 71.0% 处理帧 665/937
2025-05-18 21:09:59,686 - face_swap - INFO - 进度: 71.1% 处理帧 666/937
2025-05-18 21:09:59,772 - face_swap - INFO - 进度: 71.2% 处理帧 667/937
2025-05-18 21:09:59,806 - face_swap - INFO - 进度: 71.3% 处理帧 668/937
2025-05-18 21:09:59,894 - face_swap - INFO - 进度: 71.4% 处理帧 669/937
2025-05-18 21:09:59,939 - face_swap - INFO - 进度: 71.5% 处理帧 670/937
2025-05-18 21:10:00,021 - face_swap - INFO - 进度: 71.6% 处理帧 671/937
2025-05-18 21:10:00,078 - face_swap - INFO - 进度: 71.7% 处理帧 672/937
2025-05-18 21:10:00,155 - face_swap - INFO - 进度: 71.8% 处理帧 673/937
2025-05-18 21:10:00,190 - face_swap - INFO - 进度: 71.9% 处理帧 674/937
2025-05-18 21:10:00,283 - face_swap - INFO - 进度: 72.0% 处理帧 675/937
2025-05-18 21:10:00,321 - face_swap - INFO - 进度: 72.1% 处理帧 676/937
2025-05-18 21:10:00,374 - face_swap - INFO - 进度: 72.3% 处理帧 677/937
2025-05-18 21:10:00,442 - face_swap - INFO - 进度: 72.4% 处理帧 678/937
2025-05-18 21:10:00,525 - face_swap - INFO - 进度: 72.5% 处理帧 679/937
2025-05-18 21:10:00,553 - face_swap - INFO - 进度: 72.6% 处理帧 680/937
2025-05-18 21:10:00,644 - face_swap - INFO - 进度: 72.7% 处理帧 681/937
2025-05-18 21:10:00,686 - face_swap - INFO - 进度: 72.8% 处理帧 682/937
2025-05-18 21:10:00,758 - face_swap - INFO - 进度: 72.9% 处理帧 683/937
2025-05-18 21:10:00,796 - face_swap - INFO - 进度: 73.0% 处理帧 684/937
2025-05-18 21:10:00,874 - face_swap - INFO - 进度: 73.1% 处理帧 685/937
2025-05-18 21:10:00,911 - face_swap - INFO - 进度: 73.2% 处理帧 686/937
2025-05-18 21:10:00,997 - face_swap - INFO - 进度: 73.3% 处理帧 687/937
2025-05-18 21:10:01,039 - face_swap - INFO - 进度: 73.4% 处理帧 688/937
2025-05-18 21:10:01,112 - face_swap - INFO - 进度: 73.5% 处理帧 689/937
2025-05-18 21:10:01,155 - face_swap - INFO - 进度: 73.6% 处理帧 690/937
2025-05-18 21:10:01,221 - face_swap - INFO - 进度: 73.7% 处理帧 691/937
2025-05-18 21:10:01,253 - face_swap - INFO - 进度: 73.9% 处理帧 692/937
2025-05-18 21:10:01,347 - face_swap - INFO - 进度: 74.0% 处理帧 693/937
2025-05-18 21:10:01,390 - face_swap - INFO - 进度: 74.1% 处理帧 694/937
2025-05-18 21:10:01,460 - face_swap - INFO - 进度: 74.2% 处理帧 695/937
2025-05-18 21:10:01,504 - face_swap - INFO - 进度: 74.3% 处理帧 696/937
2025-05-18 21:10:01,583 - face_swap - INFO - 进度: 74.4% 处理帧 697/937
2025-05-18 21:10:01,626 - face_swap - INFO - 进度: 74.5% 处理帧 698/937
2025-05-18 21:10:01,707 - face_swap - INFO - 进度: 74.6% 处理帧 699/937
2025-05-18 21:10:01,750 - face_swap - INFO - 进度: 74.7% 处理帧 700/937
2025-05-18 21:10:01,751 - face_swap - INFO - 状态: 正在处理视频... 700/937 帧
2025-05-18 21:10:01,751 - face_swap - INFO - 处理进度: 700/937 (74.7%)
2025-05-18 21:10:01,828 - face_swap - INFO - 进度: 74.8% 处理帧 701/937
2025-05-18 21:10:01,869 - face_swap - INFO - 进度: 74.9% 处理帧 702/937
2025-05-18 21:10:01,953 - face_swap - INFO - 进度: 75.0% 处理帧 703/937
2025-05-18 21:10:01,988 - face_swap - INFO - 进度: 75.1% 处理帧 704/937
2025-05-18 21:10:02,079 - face_swap - INFO - 进度: 75.2% 处理帧 705/937
2025-05-18 21:10:02,126 - face_swap - INFO - 进度: 75.3% 处理帧 706/937
2025-05-18 21:10:02,204 - face_swap - INFO - 进度: 75.5% 处理帧 707/937
2025-05-18 21:10:02,253 - face_swap - INFO - 进度: 75.6% 处理帧 708/937
2025-05-18 21:10:02,330 - face_swap - INFO - 进度: 75.7% 处理帧 709/937
2025-05-18 21:10:02,374 - face_swap - INFO - 进度: 75.8% 处理帧 710/937
2025-05-18 21:10:02,453 - face_swap - INFO - 进度: 75.9% 处理帧 711/937
2025-05-18 21:10:02,492 - face_swap - INFO - 进度: 76.0% 处理帧 712/937
2025-05-18 21:10:02,569 - face_swap - INFO - 进度: 76.1% 处理帧 713/937
2025-05-18 21:10:02,612 - face_swap - INFO - 进度: 76.2% 处理帧 714/937
2025-05-18 21:10:02,700 - face_swap - INFO - 进度: 76.3% 处理帧 715/937
2025-05-18 21:10:02,736 - face_swap - INFO - 进度: 76.4% 处理帧 716/937
2025-05-18 21:10:02,806 - face_swap - INFO - 进度: 76.5% 处理帧 717/937
2025-05-18 21:10:02,842 - face_swap - INFO - 进度: 76.6% 处理帧 718/937
2025-05-18 21:10:02,929 - face_swap - INFO - 进度: 76.7% 处理帧 719/937
2025-05-18 21:10:02,959 - face_swap - INFO - 进度: 76.8% 处理帧 720/937
2025-05-18 21:10:03,052 - face_swap - INFO - 进度: 76.9% 处理帧 721/937
2025-05-18 21:10:03,090 - face_swap - INFO - 进度: 77.1% 处理帧 722/937
2025-05-18 21:10:03,172 - face_swap - INFO - 进度: 77.2% 处理帧 723/937
2025-05-18 21:10:03,213 - face_swap - INFO - 进度: 77.3% 处理帧 724/937
2025-05-18 21:10:03,292 - face_swap - INFO - 进度: 77.4% 处理帧 725/937
2025-05-18 21:10:03,332 - face_swap - INFO - 进度: 77.5% 处理帧 726/937
2025-05-18 21:10:03,418 - face_swap - INFO - 进度: 77.6% 处理帧 727/937
2025-05-18 21:10:03,456 - face_swap - INFO - 进度: 77.7% 处理帧 728/937
2025-05-18 21:10:03,532 - face_swap - INFO - 进度: 77.8% 处理帧 729/937
2025-05-18 21:10:03,566 - face_swap - INFO - 进度: 77.9% 处理帧 730/937
2025-05-18 21:10:03,656 - face_swap - INFO - 进度: 78.0% 处理帧 731/937
2025-05-18 21:10:03,687 - face_swap - INFO - 进度: 78.1% 处理帧 732/937
2025-05-18 21:10:03,776 - face_swap - INFO - 进度: 78.2% 处理帧 733/937
2025-05-18 21:10:03,807 - face_swap - INFO - 进度: 78.3% 处理帧 734/937
2025-05-18 21:10:03,896 - face_swap - INFO - 进度: 78.4% 处理帧 735/937
2025-05-18 21:10:03,933 - face_swap - INFO - 进度: 78.5% 处理帧 736/937
2025-05-18 21:10:04,016 - face_swap - INFO - 进度: 78.7% 处理帧 737/937
2025-05-18 21:10:04,045 - face_swap - INFO - 进度: 78.8% 处理帧 738/937
2025-05-18 21:10:04,142 - face_swap - INFO - 进度: 78.9% 处理帧 739/937
2025-05-18 21:10:04,174 - face_swap - INFO - 进度: 79.0% 处理帧 740/937
2025-05-18 21:10:04,256 - face_swap - INFO - 进度: 79.1% 处理帧 741/937
2025-05-18 21:10:04,296 - face_swap - INFO - 进度: 79.2% 处理帧 742/937
2025-05-18 21:10:04,380 - face_swap - INFO - 进度: 79.3% 处理帧 743/937
2025-05-18 21:10:04,416 - face_swap - INFO - 进度: 79.4% 处理帧 744/937
2025-05-18 21:10:04,470 - face_swap - INFO - 进度: 79.5% 处理帧 745/937
2025-05-18 21:10:04,535 - face_swap - INFO - 进度: 79.6% 处理帧 746/937
2025-05-18 21:10:04,613 - face_swap - INFO - 进度: 79.7% 处理帧 747/937
2025-05-18 21:10:04,645 - face_swap - INFO - 进度: 79.8% 处理帧 748/937
2025-05-18 21:10:04,729 - face_swap - INFO - 进度: 79.9% 处理帧 749/937
2025-05-18 21:10:04,766 - face_swap - INFO - 进度: 80.0% 处理帧 750/937
2025-05-18 21:10:04,846 - face_swap - INFO - 进度: 80.1% 处理帧 751/937
2025-05-18 21:10:04,873 - face_swap - INFO - 进度: 80.3% 处理帧 752/937
2025-05-18 21:10:04,970 - face_swap - INFO - 进度: 80.4% 处理帧 753/937
2025-05-18 21:10:05,006 - face_swap - INFO - 进度: 80.5% 处理帧 754/937
2025-05-18 21:10:05,078 - face_swap - INFO - 进度: 80.6% 处理帧 755/937
2025-05-18 21:10:05,112 - face_swap - INFO - 进度: 80.7% 处理帧 756/937
2025-05-18 21:10:05,199 - face_swap - INFO - 进度: 80.8% 处理帧 757/937
2025-05-18 21:10:05,228 - face_swap - INFO - 进度: 80.9% 处理帧 758/937
2025-05-18 21:10:05,321 - face_swap - INFO - 进度: 81.0% 处理帧 759/937
2025-05-18 21:10:05,357 - face_swap - INFO - 进度: 81.1% 处理帧 760/937
2025-05-18 21:10:05,437 - face_swap - INFO - 进度: 81.2% 处理帧 761/937
2025-05-18 21:10:05,466 - face_swap - INFO - 进度: 81.3% 处理帧 762/937
2025-05-18 21:10:05,583 - face_swap - INFO - 进度: 81.4% 处理帧 763/937
2025-05-18 21:10:05,591 - face_swap - INFO - 进度: 81.5% 处理帧 764/937
2025-05-18 21:10:05,654 - face_swap - INFO - 进度: 81.6% 处理帧 765/937
2025-05-18 21:10:05,722 - face_swap - INFO - 进度: 81.8% 处理帧 766/937
2025-05-18 21:10:05,791 - face_swap - INFO - 进度: 81.9% 处理帧 767/937
2025-05-18 21:10:05,821 - face_swap - INFO - 进度: 82.0% 处理帧 768/937
2025-05-18 21:10:05,912 - face_swap - INFO - 进度: 82.1% 处理帧 769/937
2025-05-18 21:10:05,954 - face_swap - INFO - 进度: 82.2% 处理帧 770/937
2025-05-18 21:10:06,044 - face_swap - INFO - 进度: 82.3% 处理帧 771/937
2025-05-18 21:10:06,080 - face_swap - INFO - 进度: 82.4% 处理帧 772/937
2025-05-18 21:10:06,127 - face_swap - INFO - 进度: 82.5% 处理帧 773/937
2025-05-18 21:10:06,190 - face_swap - INFO - 进度: 82.6% 处理帧 774/937
2025-05-18 21:10:06,271 - face_swap - INFO - 进度: 82.7% 处理帧 775/937
2025-05-18 21:10:06,305 - face_swap - INFO - 进度: 82.8% 处理帧 776/937
2025-05-18 21:10:06,391 - face_swap - INFO - 进度: 82.9% 处理帧 777/937
2025-05-18 21:10:06,421 - face_swap - INFO - 进度: 83.0% 处理帧 778/937
2025-05-18 21:10:06,504 - face_swap - INFO - 进度: 83.1% 处理帧 779/937
2025-05-18 21:10:06,535 - face_swap - INFO - 进度: 83.2% 处理帧 780/937
2025-05-18 21:10:06,623 - face_swap - INFO - 进度: 83.4% 处理帧 781/937
2025-05-18 21:10:06,662 - face_swap - INFO - 进度: 83.5% 处理帧 782/937
2025-05-18 21:10:06,712 - face_swap - INFO - 进度: 83.6% 处理帧 783/937
2025-05-18 21:10:06,798 - face_swap - INFO - 进度: 83.7% 处理帧 784/937
2025-05-18 21:10:06,860 - face_swap - INFO - 进度: 83.8% 处理帧 785/937
2025-05-18 21:10:06,902 - face_swap - INFO - 进度: 83.9% 处理帧 786/937
2025-05-18 21:10:06,975 - face_swap - INFO - 进度: 84.0% 处理帧 787/937
2025-05-18 21:10:07,000 - face_swap - INFO - 进度: 84.1% 处理帧 788/937
2025-05-18 21:10:07,089 - face_swap - INFO - 进度: 84.2% 处理帧 789/937
2025-05-18 21:10:07,131 - face_swap - INFO - 进度: 84.3% 处理帧 790/937
2025-05-18 21:10:07,214 - face_swap - INFO - 进度: 84.4% 处理帧 791/937
2025-05-18 21:10:07,255 - face_swap - INFO - 进度: 84.5% 处理帧 792/937
2025-05-18 21:10:07,328 - face_swap - INFO - 进度: 84.6% 处理帧 793/937
2025-05-18 21:10:07,362 - face_swap - INFO - 进度: 84.7% 处理帧 794/937
2025-05-18 21:10:07,450 - face_swap - INFO - 进度: 84.8% 处理帧 795/937
2025-05-18 21:10:07,494 - face_swap - INFO - 进度: 85.0% 处理帧 796/937
2025-05-18 21:10:07,565 - face_swap - INFO - 进度: 85.1% 处理帧 797/937
2025-05-18 21:10:07,605 - face_swap - INFO - 进度: 85.2% 处理帧 798/937
2025-05-18 21:10:07,681 - face_swap - INFO - 进度: 85.3% 处理帧 799/937
2025-05-18 21:10:07,715 - face_swap - INFO - 进度: 85.4% 处理帧 800/937
2025-05-18 21:10:07,716 - face_swap - INFO - 状态: 正在处理视频... 800/937 帧
2025-05-18 21:10:07,717 - face_swap - INFO - 处理进度: 800/937 (85.4%)
2025-05-18 21:10:07,791 - face_swap - INFO - 进度: 85.5% 处理帧 801/937
2025-05-18 21:10:07,827 - face_swap - INFO - 进度: 85.6% 处理帧 802/937
2025-05-18 21:10:07,910 - face_swap - INFO - 进度: 85.7% 处理帧 803/937
2025-05-18 21:10:07,947 - face_swap - INFO - 进度: 85.8% 处理帧 804/937
2025-05-18 21:10:08,031 - face_swap - INFO - 进度: 85.9% 处理帧 805/937
2025-05-18 21:10:08,069 - face_swap - INFO - 进度: 86.0% 处理帧 806/937
2025-05-18 21:10:08,128 - face_swap - INFO - 进度: 86.1% 处理帧 807/937
2025-05-18 21:10:08,199 - face_swap - INFO - 进度: 86.2% 处理帧 808/937
2025-05-18 21:10:08,274 - face_swap - INFO - 进度: 86.3% 处理帧 809/937
2025-05-18 21:10:08,318 - face_swap - INFO - 进度: 86.4% 处理帧 810/937
2025-05-18 21:10:08,398 - face_swap - INFO - 进度: 86.6% 处理帧 811/937
2025-05-18 21:10:08,429 - face_swap - INFO - 进度: 86.7% 处理帧 812/937
2025-05-18 21:10:08,490 - face_swap - INFO - 进度: 86.8% 处理帧 813/937
2025-05-18 21:10:08,561 - face_swap - INFO - 进度: 86.9% 处理帧 814/937
2025-05-18 21:10:08,632 - face_swap - INFO - 进度: 87.0% 处理帧 815/937
2025-05-18 21:10:08,665 - face_swap - INFO - 进度: 87.1% 处理帧 816/937
2025-05-18 21:10:08,750 - face_swap - INFO - 进度: 87.2% 处理帧 817/937
2025-05-18 21:10:08,788 - face_swap - INFO - 进度: 87.3% 处理帧 818/937
2025-05-18 21:10:08,871 - face_swap - INFO - 进度: 87.4% 处理帧 819/937
2025-05-18 21:10:08,906 - face_swap - INFO - 进度: 87.5% 处理帧 820/937
2025-05-18 21:10:08,987 - face_swap - INFO - 进度: 87.6% 处理帧 821/937
2025-05-18 21:10:09,024 - face_swap - INFO - 进度: 87.7% 处理帧 822/937
2025-05-18 21:10:09,104 - face_swap - INFO - 进度: 87.8% 处理帧 823/937
2025-05-18 21:10:09,144 - face_swap - INFO - 进度: 87.9% 处理帧 824/937
2025-05-18 21:10:09,226 - face_swap - INFO - 进度: 88.0% 处理帧 825/937
2025-05-18 21:10:09,256 - face_swap - INFO - 进度: 88.2% 处理帧 826/937
2025-05-18 21:10:09,341 - face_swap - INFO - 进度: 88.3% 处理帧 827/937
2025-05-18 21:10:09,376 - face_swap - INFO - 进度: 88.4% 处理帧 828/937
2025-05-18 21:10:09,454 - face_swap - INFO - 进度: 88.5% 处理帧 829/937
2025-05-18 21:10:09,484 - face_swap - INFO - 进度: 88.6% 处理帧 830/937
2025-05-18 21:10:09,575 - face_swap - INFO - 进度: 88.7% 处理帧 831/937
2025-05-18 21:10:09,609 - face_swap - INFO - 进度: 88.8% 处理帧 832/937
2025-05-18 21:10:09,699 - face_swap - INFO - 进度: 88.9% 处理帧 833/937
2025-05-18 21:10:09,732 - face_swap - INFO - 进度: 89.0% 处理帧 834/937
2025-05-18 21:10:09,814 - face_swap - INFO - 进度: 89.1% 处理帧 835/937
2025-05-18 21:10:09,848 - face_swap - INFO - 进度: 89.2% 处理帧 836/937
2025-05-18 21:10:09,929 - face_swap - INFO - 进度: 89.3% 处理帧 837/937
2025-05-18 21:10:09,957 - face_swap - INFO - 进度: 89.4% 处理帧 838/937
2025-05-18 21:10:10,046 - face_swap - INFO - 进度: 89.5% 处理帧 839/937
2025-05-18 21:10:10,076 - face_swap - INFO - 进度: 89.6% 处理帧 840/937
2025-05-18 21:10:10,165 - face_swap - INFO - 进度: 89.8% 处理帧 841/937
2025-05-18 21:10:10,197 - face_swap - INFO - 进度: 89.9% 处理帧 842/937
2025-05-18 21:10:10,282 - face_swap - INFO - 进度: 90.0% 处理帧 843/937
2025-05-18 21:10:10,319 - face_swap - INFO - 进度: 90.1% 处理帧 844/937
2025-05-18 21:10:10,402 - face_swap - INFO - 进度: 90.2% 处理帧 845/937
2025-05-18 21:10:10,433 - face_swap - INFO - 进度: 90.3% 处理帧 846/937
2025-05-18 21:10:10,515 - face_swap - INFO - 进度: 90.4% 处理帧 847/937
2025-05-18 21:10:10,539 - face_swap - INFO - 进度: 90.5% 处理帧 848/937
2025-05-18 21:10:10,634 - face_swap - INFO - 进度: 90.6% 处理帧 849/937
2025-05-18 21:10:10,669 - face_swap - INFO - 进度: 90.7% 处理帧 850/937
2025-05-18 21:10:10,745 - face_swap - INFO - 进度: 90.8% 处理帧 851/937
2025-05-18 21:10:10,776 - face_swap - INFO - 进度: 90.9% 处理帧 852/937
2025-05-18 21:10:10,862 - face_swap - INFO - 进度: 91.0% 处理帧 853/937
2025-05-18 21:10:10,895 - face_swap - INFO - 进度: 91.1% 处理帧 854/937
2025-05-18 21:10:10,956 - face_swap - INFO - 进度: 91.2% 处理帧 855/937
2025-05-18 21:10:11,003 - face_swap - INFO - 进度: 91.4% 处理帧 856/937
2025-05-18 21:10:11,099 - face_swap - INFO - 进度: 91.5% 处理帧 857/937
2025-05-18 21:10:11,135 - face_swap - INFO - 进度: 91.6% 处理帧 858/937
2025-05-18 21:10:11,207 - face_swap - INFO - 进度: 91.7% 处理帧 859/937
2025-05-18 21:10:11,244 - face_swap - INFO - 进度: 91.8% 处理帧 860/937
2025-05-18 21:10:11,332 - face_swap - INFO - 进度: 91.9% 处理帧 861/937
2025-05-18 21:10:11,358 - face_swap - INFO - 进度: 92.0% 处理帧 862/937
2025-05-18 21:10:11,430 - face_swap - INFO - 进度: 92.1% 处理帧 863/937
2025-05-18 21:10:11,502 - face_swap - INFO - 进度: 92.2% 处理帧 864/937
2025-05-18 21:10:11,568 - face_swap - INFO - 进度: 92.3% 处理帧 865/937
2025-05-18 21:10:11,603 - face_swap - INFO - 进度: 92.4% 处理帧 866/937
2025-05-18 21:10:11,686 - face_swap - INFO - 进度: 92.5% 处理帧 867/937
2025-05-18 21:10:11,720 - face_swap - INFO - 进度: 92.6% 处理帧 868/937
2025-05-18 21:10:11,809 - face_swap - INFO - 进度: 92.7% 处理帧 869/937
2025-05-18 21:10:11,838 - face_swap - INFO - 进度: 92.8% 处理帧 870/937
2025-05-18 21:10:11,922 - face_swap - INFO - 进度: 93.0% 处理帧 871/937
2025-05-18 21:10:11,953 - face_swap - INFO - 进度: 93.1% 处理帧 872/937
2025-05-18 21:10:12,037 - face_swap - INFO - 进度: 93.2% 处理帧 873/937
2025-05-18 21:10:12,072 - face_swap - INFO - 进度: 93.3% 处理帧 874/937
2025-05-18 21:10:12,176 - face_swap - INFO - 进度: 93.4% 处理帧 875/937
2025-05-18 21:10:12,186 - face_swap - INFO - 进度: 93.5% 处理帧 876/937
2025-05-18 21:10:12,253 - face_swap - INFO - 进度: 93.6% 处理帧 877/937
2025-05-18 21:10:12,322 - face_swap - INFO - 进度: 93.7% 处理帧 878/937
2025-05-18 21:10:12,396 - face_swap - INFO - 进度: 93.8% 处理帧 879/937
2025-05-18 21:10:12,425 - face_swap - INFO - 进度: 93.9% 处理帧 880/937
2025-05-18 21:10:12,515 - face_swap - INFO - 进度: 94.0% 处理帧 881/937
2025-05-18 21:10:12,552 - face_swap - INFO - 进度: 94.1% 处理帧 882/937
2025-05-18 21:10:12,610 - face_swap - INFO - 进度: 94.2% 处理帧 883/937
2025-05-18 21:10:12,678 - face_swap - INFO - 进度: 94.3% 处理帧 884/937
2025-05-18 21:10:12,746 - face_swap - INFO - 进度: 94.5% 处理帧 885/937
2025-05-18 21:10:12,779 - face_swap - INFO - 进度: 94.6% 处理帧 886/937
2025-05-18 21:10:12,864 - face_swap - INFO - 进度: 94.7% 处理帧 887/937
2025-05-18 21:10:12,896 - face_swap - INFO - 进度: 94.8% 处理帧 888/937
2025-05-18 21:10:12,980 - face_swap - INFO - 进度: 94.9% 处理帧 889/937
2025-05-18 21:10:13,011 - face_swap - INFO - 进度: 95.0% 处理帧 890/937
2025-05-18 21:10:13,096 - face_swap - INFO - 进度: 95.1% 处理帧 891/937
2025-05-18 21:10:13,126 - face_swap - INFO - 进度: 95.2% 处理帧 892/937
2025-05-18 21:10:13,216 - face_swap - INFO - 进度: 95.3% 处理帧 893/937
2025-05-18 21:10:13,250 - face_swap - INFO - 进度: 95.4% 处理帧 894/937
2025-05-18 21:10:13,327 - face_swap - INFO - 进度: 95.5% 处理帧 895/937
2025-05-18 21:10:13,362 - face_swap - INFO - 进度: 95.6% 处理帧 896/937
2025-05-18 21:10:13,450 - face_swap - INFO - 进度: 95.7% 处理帧 897/937
2025-05-18 21:10:13,485 - face_swap - INFO - 进度: 95.8% 处理帧 898/937
2025-05-18 21:10:13,563 - face_swap - INFO - 进度: 95.9% 处理帧 899/937
2025-05-18 21:10:13,602 - face_swap - INFO - 进度: 96.1% 处理帧 900/937
2025-05-18 21:10:13,603 - face_swap - INFO - 状态: 正在处理视频... 900/937 帧
2025-05-18 21:10:13,604 - face_swap - INFO - 处理进度: 900/937 (96.1%)
2025-05-18 21:10:13,684 - face_swap - INFO - 进度: 96.2% 处理帧 901/937
2025-05-18 21:10:13,716 - face_swap - INFO - 进度: 96.3% 处理帧 902/937
2025-05-18 21:10:13,800 - face_swap - INFO - 进度: 96.4% 处理帧 903/937
2025-05-18 21:10:13,829 - face_swap - INFO - 进度: 96.5% 处理帧 904/937
2025-05-18 21:10:13,914 - face_swap - INFO - 进度: 96.6% 处理帧 905/937
2025-05-18 21:10:13,944 - face_swap - INFO - 进度: 96.7% 处理帧 906/937
2025-05-18 21:10:14,028 - face_swap - INFO - 进度: 96.8% 处理帧 907/937
2025-05-18 21:10:14,058 - face_swap - INFO - 进度: 96.9% 处理帧 908/937
2025-05-18 21:10:14,130 - face_swap - INFO - 进度: 97.0% 处理帧 909/937
2025-05-18 21:10:14,205 - face_swap - INFO - 进度: 97.1% 处理帧 910/937
2025-05-18 21:10:14,357 - face_swap - INFO - 进度: 97.2% 处理帧 911/937
2025-05-18 21:10:14,368 - face_swap - INFO - 进度: 97.3% 处理帧 912/937
2025-05-18 21:10:14,436 - face_swap - INFO - 进度: 97.4% 处理帧 913/937
2025-05-18 21:10:14,448 - face_swap - INFO - 进度: 97.5% 处理帧 914/937
2025-05-18 21:10:14,525 - face_swap - INFO - 进度: 97.7% 处理帧 915/937
2025-05-18 21:10:14,720 - face_swap - INFO - 进度: 97.8% 处理帧 916/937
2025-05-18 21:10:14,729 - face_swap - INFO - 进度: 97.9% 处理帧 917/937
2025-05-18 21:10:14,794 - face_swap - INFO - 进度: 98.0% 处理帧 918/937
2025-05-18 21:10:14,831 - face_swap - INFO - 进度: 98.1% 处理帧 919/937
2025-05-18 21:10:14,840 - face_swap - INFO - 进度: 98.2% 处理帧 920/937
2025-05-18 21:10:14,881 - face_swap - INFO - 进度: 98.3% 处理帧 921/937
2025-05-18 21:10:14,918 - face_swap - INFO - 进度: 98.4% 处理帧 922/937
2025-05-18 21:10:14,993 - face_swap - INFO - 进度: 98.5% 处理帧 923/937
2025-05-18 21:10:15,030 - face_swap - INFO - 进度: 98.6% 处理帧 924/937
2025-05-18 21:10:15,101 - face_swap - INFO - 进度: 98.7% 处理帧 925/937
2025-05-18 21:10:15,142 - face_swap - INFO - 进度: 98.8% 处理帧 926/937
2025-05-18 21:10:15,218 - face_swap - INFO - 进度: 98.9% 处理帧 927/937
2025-05-18 21:10:15,251 - face_swap - INFO - 进度: 99.0% 处理帧 928/937
2025-05-18 21:10:15,337 - face_swap - INFO - 进度: 99.1% 处理帧 929/937
2025-05-18 21:10:15,364 - face_swap - INFO - 进度: 99.3% 处理帧 930/937
2025-05-18 21:10:15,456 - face_swap - INFO - 进度: 99.4% 处理帧 931/937
2025-05-18 21:10:15,486 - face_swap - INFO - 进度: 99.5% 处理帧 932/937
2025-05-18 21:10:15,571 - face_swap - INFO - 进度: 99.6% 处理帧 933/937
2025-05-18 21:10:15,603 - face_swap - INFO - 进度: 99.7% 处理帧 934/937
2025-05-18 21:10:15,689 - face_swap - INFO - 进度: 99.8% 处理帧 935/937
2025-05-18 21:10:15,729 - face_swap - INFO - 进度: 99.9% 处理帧 936/937
2025-05-18 21:10:15,801 - face_swap - INFO - 进度: 100.0% 处理帧 937/937
2025-05-18 21:10:15,802 - face_swap - INFO - 状态: 正在处理视频... 937/937 帧
2025-05-18 21:10:15,803 - face_swap - INFO - 处理进度: 937/937 (100.0%)
2025-05-18 21:10:16,213 - face_swap - INFO - 状态: 处理完成!
2025-05-18 21:10:16,214 - face_swap - INFO - 进度: 100.0% 完成
2025-05-18 21:10:16,214 - face_swap - INFO - 视频处理完成: e:\face\output_videos\VID_20230207_103934_face_swap.mp4
